Id,Category
0,Amy Ryan
1,Anderson Cooper
2,Adrien Brody
3,Anna Paquin
4,Albert Brooks
5,Anthony Perkins
6,Andreea Diaconu
7,Amanda Peet
8,Adele
9,Alex Pettyfer
10,Anna Faris
11,Anthony Perkins
12,Bill Hader
13,Barabara Palvin
14,Benjamin Bratt
15,AnnaSophia Robb
16,Alessandra Ambrosio
17,Alan Arkin
18,Akemi Darenogare
19,Anderson Cooper
20,Ashley Graham
21,Ashley Greene
22,Benedict Cumberbatch
23,Adele
24,Ashley Greene
25,Alan Rickman
26,Ben Kingsley
27,Andy Samberg
28,Anthony Perkins
29,Amy Ryan
30,Angela Bassett
31,Ava Gardner
32,Adrianne Palicki
33,Al Pacino
34,Bill Rancic
35,Andreea Diaconu
36,Andrew Garfield
37,Ashley Greene
38,Anna Paquin
39,Alessandra Ambrosio
40,Al Roker
41,bella thorne
42,Alan Rickman
43,Anne Baxter
44,Amy Ryan
45,Amy Ryan
46,Barbra Streisand
47,Amy Ryan
48,Alan Arkin
49,Alessandra Ambrosio
50,Aaron Paul
51,Audrey Hepburn
52,Anna Faris
53,Anne Hathaway
54,Bette Midler
55,Alice Eve
56,Adele
57,Aaron Paul
58,Amy Ryan
59,Alec Baldwin
60,Anderson Cooper
61,Amy Ryan
62,Anne Hathaway
63,Amy Ryan
64,Andy Garcia
65,Amanda Crew
66,Andreea Diaconu
67,Bella Hadid
68,Anjelica Huston
69,Amy Ryan
70,Albert Brooks
71,Audrey Hepburn
72,Analeigh Tipton
73,Adele
74,Anthony Perkins
75,Anne Baxter
76,Amy Ryan
77,Amanda Peet
78,Al Roker
79,Anna Friel
80,Al Pacino
81,Andreea Diaconu
82,Abigail Breslin
83,Anna Kendrick
84,Alan Rickman
85,Anjelica Huston
86,Adriana Lima
87,Angelina Jolie
88,Arnold Schwarzenegger
89,Anthony Mackie
90,Abigail Breslin
91,Benicio Del Toro
92,Amanda Seyfried
93,Anna Sui
94,Alicia Vikander
95,Alx James
96,Amanda Crew
97,Ben Kingsley
98,Alan Alda
99,Amanda Crew
100,Adriana Lima
101,Amy Ryan
102,Ashley Judd
103,Alice Eve
104,Bette Midler
105,Anna Friel
106,Anna Paquin
107,Amy Ryan
108,Ashley Judd
109,Bill Daley
110,Bella Hadid
111,Amy Schumer
112,Ben Johnson
113,Ashton Kutcher
114,Amy Ryan
115,Andrew Garfield
116,Bill Rancic
117,Aaron Paul
118,Anna Friel
119,Benicio Del Toro
120,Anne Hathaway
121,Albert Finney
122,Ben Johnson
123,Alx James
124,Bill Daley
125,Alexis Thorpe
126,Audrey Tautou
127,Alice Eve
128,Berenice Bejo
129,Bill Paxton
130,Ben Johnson
131,Anne Hathaway
132,Amy Ryan
133,Amy Ryan
134,Arnold Schwarzenegger
135,Adriana Barraza
136,Annette Bening
137,Albert Finney
138,Angela Bassett
139,Andreea Diaconu
140,Adele
141,Alessandra Ambrosio
142,Annette Bening
143,Amy Ryan
144,Alec Baldwin
145,Audrey Hepburn
146,Billy Bob Thornton
147,Ashley Greene
148,Ben Johnson
149,Bill Rancic
150,Ben Affleck
151,Amy Ryan
152,Billy Bob Thornton
153,Andy Serkis
154,Ben Johnson
155,Andy Murray
156,Anna Kendrick
157,bella thorne
158,Benicio Del Toro
159,Anna Friel
160,Alec Baldwin
161,Albert Finney
162,Bill Hader
163,Alex Pettyfer
164,Akemi Darenogare
165,Amy Ryan
166,Amy Ryan
167,Andrew Garfield
168,Adrien Brody
169,Adrianne Palicki
170,Amanda Bynes
171,Adriana Barraza
172,Andy Murray
173,Albert Finney
174,Angela Bassett
175,Amy Ryan
176,AnnaSophia Robb
177,Amanda Seyfried
178,Alexandra Daddario
179,Barbra Streisand
180,Albert Brooks
181,Barabara Palvin
182,Andrew Lincoln
183,Amy Ryan
184,Alexandra Daddario
185,Adrien Brody
186,Anthony Hopkins
187,Ben Johnson
188,Alexandra Daddario
189,Andrew Garfield
190,Berenice Bejo
191,Amanda Bynes
192,Anjelica Huston
193,Anne Baxter
194,Anna Friel
195,Andie MacDowell
196,Amanda Seyfried
197,Andy Serkis
198,Amy Ryan
199,Adele
200,Analeigh Tipton
201,Alan Arkin
202,Adam Sandler
203,Alessandra Ambrosio
204,Ben Johnson
205,Amber Heard
206,Adrianne Palicki
207,Amy Ryan
208,Betty White
209,Benjamin Bratt
210,Amy Ryan
211,Barry Pepper
212,Amber Heard
213,Amanda Bynes
214,Aaron Paul
215,Angela Bassett
216,Bill Rancic
217,Amy Ryan
218,Ben Stiller
219,Bill Pullman
220,Aaron Paul
221,Ashley Greene
222,Akemi Darenogare
223,Audrey Hepburn
224,Angelina Jolie
225,Benedict Cumberbatch
226,Anna Kendrick
227,Anna Kendrick
228,Amy Ryan
229,Anna Paquin
230,Adam Sandler
231,Amy Ryan
232,Amy Schumer
233,Alexis Thorpe
234,Angelina Jolie
235,Ashley Judd
236,Adrianne Palicki
237,Adriana Lima
238,Amy Ryan
239,Adriana Lima
240,Bill Pullman
241,Anthony Hopkins
242,Amy Ryan
243,Amy Ryan
244,Amy Ryan
245,Alexandra Daddario
246,Amy Ryan
247,Aaron Taylor-Johnson
248,Andrew Luck
249,Benicio Del Toro
250,Amy Ryan
251,Bill Paxton
252,Amy Adams
253,Angelina Jolie
254,Alessandra Ambrosio
255,Amy Ryan
256,Art Carney
257,Ashley Graham
258,Andreea Diaconu
259,Anna Kendrick
260,Alexandra Daddario
261,Ashley Judd
262,Amber Heard
263,Ava Gardner
264,Amy Ryan
265,Bernie Mac
266,Adrianne Palicki
267,Bill O Reilly
268,Amy Adams
269,Benedict Cumberbatch
270,Alec Baldwin
271,Anne Bancroft
272,Amy Ryan
273,Amy Ryan
274,Albert Finney
275,Benicio Del Toro
276,Andrew Garfield
277,Alicia Vikander
278,Andreea Diaconu
279,Anne Bancroft
280,Adriana Lima
281,Bette Midler
282,Amy Ryan
283,Barry Pepper
284,Amy Ryan
285,Anderson Cooper
286,Akemi Darenogare
287,Ben Johnson
288,Anne Baxter
289,Anthony Perkins
290,Alexander Skarsgard
291,Bill Hader
292,bella thorne
293,Bill Daley
294,bella thorne
295,Andy Serkis
296,Amy Schumer
297,Adriana Barraza
298,Alex Pettyfer
299,Andrew Lincoln
300,Albert Finney
301,Amy Ryan
302,Amanda Seyfried
303,Bill Pullman
304,Amy Adams
305,Amy Ryan
306,Analeigh Tipton
307,Ben Johnson
308,Anna Faris
309,Alexandra Daddario
310,Aaron Judge
311,Andy Garcia
312,Aaron Paul
313,Angela Bassett
314,Amy Ryan
315,Amy Ryan
316,Alex Pettyfer
317,Amy Ryan
318,Amy Ryan
319,Ashton Kutcher
320,Andy Serkis
321,Berenice Bejo
322,Adrien Brody
323,Anna Paquin
324,Armin Mueller-Stahl
325,Amanda Peet
326,Bette Midler
327,Barry Pepper
328,Bill Hader
329,Ava Gardner
330,Andreea Diaconu
331,Alexis Thorpe
332,Bill Rancic
333,Ben Johnson
334,Ashley Greene
335,Anthony Perkins
336,Audrey Tautou
337,Al Pacino
338,Amanda Peet
339,Alexander Skarsgard
340,Andrew Lincoln
341,Albert Brooks
342,Alx James
343,Ben Johnson
344,Andy Serkis
345,Amanda Seyfried
346,Analeigh Tipton
347,Ben Affleck
348,Anderson Cooper
349,Benjamin Bratt
350,Abigail Breslin
351,Andrew Luck
352,Ashley Judd
353,Adrien Brody
354,Benjamin Bratt
355,Andrew Garfield
356,Amy Ryan
357,AnnaSophia Robb
358,Andreea Diaconu
359,Amanda Peet
360,Abigail Breslin
361,Amy Ryan
362,Bette Midler
363,Amy Schumer
364,Anna Faris
365,Ben Johnson
366,Adrianne Palicki
367,Angela Bassett
368,Annette Bening
369,Albert Brooks
370,Berenice Bejo
371,Andrew Garfield
372,Ben Kingsley
373,Anjelica Huston
374,Antonio Banderas
375,Albert Brooks
376,Beyonce Knowles
377,Ashley Graham
378,Andy Garcia
379,Andrew Lincoln
380,Audrey Tautou
381,Barabara Palvin
382,Alice Eve
383,Adriana Lima
384,Andy Garcia
385,Andy Murray
386,Adrien Brody
387,Al Roker
388,Amy Ryan
389,Alan Alda
390,Berenice Bejo
391,Andreea Diaconu
392,Anthony Perkins
393,Bette Midler
394,Albert Finney
395,Ashley Greene
396,Alan Arkin
397,Ashton Kutcher
398,Adam Sandler
399,AnnaSophia Robb
400,Anthony Mackie
401,Anna Faris
402,Andrew Luck
403,Amy Ryan
404,Ben Kingsley
405,Anthony Perkins
406,Alexis Thorpe
407,Ashton Kutcher
408,Bill O Reilly
409,Anne Baxter
410,Anthony Perkins
411,Ashley Greene
412,Adrien Brody
413,Alex Pettyfer
414,Barry Pepper
415,Adele
416,Ben Kingsley
417,Benjamin Bratt
418,Amy Ryan
419,Andrew Lincoln
420,Alexandra Daddario
421,Al Pacino
422,Andy Garcia
423,Alx James
424,Ashton Kutcher
425,Berenice Bejo
426,Andy Samberg
427,Ben Johnson
428,Anna Paquin
429,Anna Paquin
430,Amy Ryan
431,Anderson Cooper
432,Andy Murray
433,Adriana Lima
434,Amy Ryan
435,Ben Stiller
436,Amy Ryan
437,Bill Pullman
438,Anderson Cooper
439,Bill O Reilly
440,Amanda Bynes
441,Alice Eve
442,Alexandra Daddario
443,Alice Eve
444,Ben Affleck
445,Benjamin Bratt
446,Art Carney
447,Anjelica Huston
448,Annette Bening
449,Amy Ryan
450,Angela Bassett
451,Alan Alda
452,Amy Ryan
453,Anna Paquin
454,Angela Bassett
455,Alexander Skarsgard
456,Alexis Thorpe
457,Anthony Perkins
458,Alex Pettyfer
459,Adrien Brody
460,AnnaSophia Robb
461,Ashley Greene
462,Amy Ryan
463,Andreea Diaconu
464,Barabara Palvin
465,Andy Garcia
466,Bernie Mac
467,Alessandra Ambrosio
468,Amanda Seyfried
469,Ben Affleck
470,Antonio Banderas
471,Berenice Bejo
472,Ben Foster
473,Aaron Taylor-Johnson
474,Ashley Judd
475,Amanda Seyfried
476,Ben Stiller
477,Alan Alda
478,Antonio Banderas
479,Bill O Reilly
480,Anthony Perkins
481,Andy Garcia
482,Anjelica Huston
483,Andy Garcia
484,Amy Ryan
485,Abigail Breslin
486,Alan Rickman
487,Annette Bening
488,Ava Gardner
489,Alec Baldwin
490,Berenice Bejo
491,Anna Kendrick
492,Andrew Luck
493,Amy Ryan
494,Adam Sandler
495,Alice Eve
496,Ben Affleck
497,Albert Brooks
498,Anthony Perkins
499,Abigail Breslin
500,Andrew Lincoln
501,Amy Ryan
502,Amy Ryan
503,Anthony Perkins
504,Amy Ryan
505,Alan Arkin
506,Andrew Garfield
507,Angelina Jolie
508,Benjamin Bratt
509,Angelina Jolie
510,Antonio Banderas
511,Ashton Kutcher
512,Ashley Judd
513,Amanda Peet
514,Ava Gardner
515,Amy Ryan
516,Alessandra Ambrosio
517,Bill Rancic
518,Albert Finney
519,Ben Kingsley
520,Barabara Palvin
521,Adriana Barraza
522,Anderson Cooper
523,Bill Hader
524,Ben Kingsley
525,Albert Brooks
526,Audrey Hepburn
527,Bill Murray
528,Albert Finney
529,Adam Sandler
530,Andrew Garfield
531,Anjelica Huston
532,Abigail Breslin
533,Audrey Tautou
534,Ben Kingsley
535,Alan Alda
536,Ben Foster
537,Angela Bassett
538,Andrew Luck
539,Amy Ryan
540,Andrew Garfield
541,Akemi Darenogare
542,Anderson Cooper
543,Adriana Barraza
544,Ben Kingsley
545,Amy Ryan
546,Alicia Vikander
547,Adele
548,Art Carney
549,Anderson Cooper
550,Bill Rancic
551,Adrianne Palicki
552,Amy Ryan
553,Andy Garcia
554,Adam Sandler
555,AnnaSophia Robb
556,Andy Garcia
557,Alexander Skarsgard
558,Andrew Garfield
559,Bill Hader
560,Alan Arkin
561,Benedict Cumberbatch
562,Anthony Hopkins
563,Akemi Darenogare
564,Armin Mueller-Stahl
565,Amy Ryan
566,Aaron Paul
567,Benicio Del Toro
568,Alex Pettyfer
569,Ben Stiller
570,Ashton Kutcher
571,Albert Finney
572,Benjamin Bratt
573,Angelina Jolie
574,Bella Hadid
575,Andy Serkis
576,Amy Ryan
577,Armin Mueller-Stahl
578,Bill O Reilly
579,Billy Bob Thornton
580,Bette Midler
581,Andy Samberg
582,Angelina Jolie
583,Ashton Kutcher
584,Anderson Cooper
585,Amy Ryan
586,Barry Pepper
587,Amanda Peet
588,Bill Daley
589,Alec Baldwin
590,Al Roker
591,Ashley Greene
592,Ashley Greene
593,Ben Affleck
594,Ashton Kutcher
595,Antonio Banderas
596,Billy Bob Thornton
597,Amy Ryan
598,Anna Paquin
599,Amanda Seyfried
600,Amy Ryan
601,Albert Brooks
602,Benjamin Bratt
603,Anna Friel
604,Amy Ryan
605,Ashley Judd
606,Ashley Graham
607,Anjelica Huston
608,Amy Ryan
609,Anna Faris
610,Bill O Reilly
611,Adele
612,Andy Garcia
613,Amanda Bynes
614,Anthony Perkins
615,Ashley Greene
616,Barbra Streisand
617,Berenice Bejo
618,Amy Ryan
619,Art Carney
620,Amy Ryan
621,Amy Ryan
622,Antonio Banderas
623,Bill Rancic
624,Albert Brooks
625,Anna Faris
626,Adrianne Palicki
627,Alan Alda
628,Beyonce Knowles
629,Ben Kingsley
630,Bill O Reilly
631,Albert Brooks
632,Adriana Barraza
633,Andrew Luck
634,Adriana Lima
635,Adele
636,Alex Pettyfer
637,Ashton Kutcher
638,Ashley Greene
639,Amy Schumer
640,Adrien Brody
641,Amanda Crew
642,Antonio Banderas
643,Andy Samberg
644,Amy Adams
645,Bill Paxton
646,Barabara Palvin
647,Bernie Mac
648,Bill O Reilly
649,Ben Kingsley
650,Anna Friel
651,Bill Pullman
652,Alice Eve
653,Analeigh Tipton
654,Amy Adams
655,Alexander Skarsgard
656,Barry Pepper
657,Antonio Banderas
658,Anthony Mackie
659,Akemi Darenogare
660,Amanda Seyfried
661,Anne Bancroft
662,Adriana Barraza
663,Audrey Hepburn
664,Audrey Hepburn
665,Andy Garcia
666,Bill Murray
667,Anne Baxter
668,Amy Ryan
669,Benjamin Bratt
670,Anderson Cooper
671,Alicia Vikander
672,Amy Ryan
673,Alice Eve
674,Ashley Greene
675,Anne Hathaway
676,Anthony Hopkins
677,Barry Pepper
678,Anthony Perkins
679,Amy Ryan
680,Amy Schumer
681,Adrianne Palicki
682,Ali Larter
683,Barbra Streisand
684,Ben Johnson
685,Ben Johnson
686,Bill Murray
687,Amy Adams
688,Barbra Streisand
689,Bill O Reilly
690,Abigail Breslin
691,Alan Arkin
692,Albert Brooks
693,Andy Samberg
694,Amy Ryan
695,Anna Faris
696,Amy Ryan
697,Andrew Garfield
698,Amy Ryan
699,AnnaSophia Robb
700,Barbra Streisand
701,Amy Ryan
702,Berenice Bejo
703,Audrey Tautou
704,Andy Samberg
705,Adele
706,Amy Ryan
707,Ben Johnson
708,Alan Alda
709,Alx James
710,Adrien Brody
711,Amy Adams
712,Bill Pullman
713,Bette Midler
714,Albert Brooks
715,Adriana Lima
716,Annette Bening
717,Anne Bancroft
718,Anthony Hopkins
719,Albert Brooks
720,Alexandra Daddario
721,Amy Ryan
722,Amy Ryan
723,Amanda Peet
724,Aaron Paul
725,Arnold Schwarzenegger
726,Abigail Breslin
727,Ashley Graham
728,Adele
729,Benicio Del Toro
730,Ben Affleck
731,Amy Ryan
732,Adele
733,Adriana Lima
734,Anne Hathaway
735,Alx James
736,Amy Ryan
737,Amy Ryan
738,Bill Rancic
739,Anthony Perkins
740,Bill Murray
741,Al Roker
742,Amy Ryan
743,Amber Heard
744,Alicia Vikander
745,Ben Kingsley
746,Annette Bening
747,bella thorne
748,Akemi Darenogare
749,Amy Ryan
750,Amy Ryan
751,Anna Kendrick
752,Benedict Cumberbatch
753,Annette Bening
754,Antonio Banderas
755,Amanda Crew
756,Amy Ryan
757,Billy Bob Thornton
758,Ben Affleck
759,Andrew Lincoln
760,Art Carney
761,Ben Johnson
762,Bill Daley
763,Amanda Bynes
764,Anna Friel
765,Amanda Peet
766,Amanda Bynes
767,Art Carney
768,Bill Rancic
769,Andrew Garfield
770,Ali Larter
771,Ashley Greene
772,Anna Faris
773,Amy Ryan
774,Bella Hadid
775,Annette Bening
776,Al Roker
777,Alessandra Ambrosio
778,Andreea Diaconu
779,Alex Pettyfer
780,Andreea Diaconu
781,Al Roker
782,Anjelica Huston
783,Ben Johnson
784,Amanda Peet
785,Albert Brooks
786,AnnaSophia Robb
787,bella thorne
788,Adele
789,Ali Larter
790,Amy Ryan
791,Armin Mueller-Stahl
792,Audrey Hepburn
793,Andie MacDowell
794,Ava Gardner
795,AnnaSophia Robb
796,Amy Ryan
797,Billy Bob Thornton
798,Ava Gardner
799,Betty White
800,Anna Kendrick
801,Anjelica Huston
802,Analeigh Tipton
803,Aaron Judge
804,Amy Ryan
805,Anjelica Huston
806,Angela Bassett
807,Al Pacino
808,Anne Hathaway
809,Andy Serkis
810,Adrianne Palicki
811,Alexis Thorpe
812,Ben Affleck
813,Angelina Jolie
814,Anthony Perkins
815,Andy Garcia
816,Adrianne Palicki
817,Amy Ryan
818,Anthony Hopkins
819,AnnaSophia Robb
820,Andy Murray
821,Annette Bening
822,Anna Friel
823,Amy Ryan
824,Adrien Brody
825,Bill Murray
826,Audrey Hepburn
827,Betty White
828,Bette Midler
829,Ben Johnson
830,Andreea Diaconu
831,Bill Murray
832,Amy Ryan
833,Aaron Judge
834,Amanda Bynes
835,Andy Murray
836,Alex Pettyfer
837,Abigail Breslin
838,Andy Murray
839,Benjamin Bratt
840,Annette Bening
841,Amy Ryan
842,Andrew Luck
843,Anjelica Huston
844,Andy Garcia
845,bella thorne
846,Amy Ryan
847,Barbra Streisand
848,Aaron Paul
849,Andrew Luck
850,Benicio Del Toro
851,Amy Ryan
852,Amy Ryan
853,Angelina Jolie
854,Adam Sandler
855,Andy Serkis
856,Adrien Brody
857,Barabara Palvin
858,Amy Schumer
859,Bill O Reilly
860,Anne Baxter
861,Alex Pettyfer
862,Benicio Del Toro
863,Alan Arkin
864,Amy Schumer
865,Amy Schumer
866,Amy Ryan
867,Amy Ryan
868,Billy Bob Thornton
869,Anderson Cooper
870,Ashley Greene
871,Ashley Judd
872,Albert Finney
873,Audrey Tautou
874,Betty White
875,Ben Johnson
876,Amy Ryan
877,Amy Ryan
878,Alexis Thorpe
879,Ben Affleck
880,Anne Bancroft
881,Alice Eve
882,Barry Pepper
883,Alan Alda
884,Anna Faris
885,Anna Sui
886,Anna Kendrick
887,Annette Bening
888,Benedict Cumberbatch
889,Ben Affleck
890,Alessandra Ambrosio
891,Amy Ryan
892,Alessandra Ambrosio
893,Barry Pepper
894,Berenice Bejo
895,Bill Paxton
896,Andreea Diaconu
897,Armin Mueller-Stahl
898,Ava Gardner
899,Ashley Graham
900,Anna Kendrick
901,Ashley Judd
902,Annette Bening
903,Bernie Mac
904,Bill Pullman
905,Anna Kendrick
906,Anne Hathaway
907,Adele
908,Alx James
909,Andrew Luck
910,Alan Alda
911,Andy Samberg
912,Alan Alda
913,Amy Ryan
914,Anjelica Huston
915,Alan Rickman
916,Amy Ryan
917,Ashley Judd
918,Ben Affleck
919,Amy Adams
920,Benicio Del Toro
921,Amy Ryan
922,Anne Baxter
923,Amy Ryan
924,Art Carney
925,Alexis Thorpe
926,Anjelica Huston
927,Amy Ryan
928,Al Roker
929,Alan Arkin
930,Angela Bassett
931,Amy Schumer
932,Anna Faris
933,Ashley Graham
934,Anne Hathaway
935,Andie MacDowell
936,Bill Rancic
937,Bill O Reilly
938,Andy Murray
939,Anthony Hopkins
940,Ashley Greene
941,Adrianne Palicki
942,Bella Hadid
943,Amy Ryan
944,Andie MacDowell
945,Ben Foster
946,Ashley Judd
947,Armin Mueller-Stahl
948,Adriana Barraza
949,Adriana Barraza
950,Ashley Greene
951,Alexandra Daddario
952,Ben Stiller
953,Annette Bening
954,Andy Samberg
955,Albert Finney
956,Akemi Darenogare
957,Aaron Taylor-Johnson
958,Anna Faris
959,Andy Garcia
960,Barry Pepper
961,Aaron Paul
962,Amber Heard
963,Bill Murray
964,Amy Ryan
965,Ashley Judd
966,Anne Hathaway
967,Albert Finney
968,Alx James
969,Andy Murray
970,Bette Midler
971,Al Pacino
972,Amanda Peet
973,Anne Baxter
974,Adriana Barraza
975,Amy Ryan
976,Al Roker
977,Audrey Tautou
978,Ashley Greene
979,Anna Friel
980,Anthony Hopkins
981,Alan Alda
982,Andrew Luck
983,Anna Friel
984,Ben Foster
985,Analeigh Tipton
986,Amy Ryan
987,Anthony Mackie
988,Anna Kendrick
989,Al Pacino
990,Ashley Graham
991,Amy Ryan
992,Ashley Judd
993,Alexis Thorpe
994,Anna Paquin
995,Amy Ryan
996,Andrew Garfield
997,Alx James
998,Ben Affleck
999,Amy Ryan
1000,Anne Hathaway
1001,Benjamin Bratt
1002,Annette Bening
1003,Benjamin Bratt
1004,Barbra Streisand
1005,Anthony Perkins
1006,bella thorne
1007,Amy Schumer
1008,Bill Hader
1009,Anthony Perkins
1010,Alan Alda
1011,Alessandra Ambrosio
1012,Adrianne Palicki
1013,Armin Mueller-Stahl
1014,Berenice Bejo
1015,Audrey Tautou
1016,Ashton Kutcher
1017,Amy Ryan
1018,Ben Stiller
1019,Adriana Lima
1020,Alessandra Ambrosio
1021,Benicio Del Toro
1022,Anderson Cooper
1023,Anthony Mackie
1024,Beyonce Knowles
1025,Ben Affleck
1026,Ben Affleck
1027,Anna Paquin
1028,Betty White
1029,Bill Rancic
1030,Abigail Breslin
1031,Adele
1032,Berenice Bejo
1033,Andy Samberg
1034,Audrey Tautou
1035,Amanda Crew
1036,Amy Ryan
1037,Analeigh Tipton
1038,bella thorne
1039,Anjelica Huston
1040,Bill Hader
1041,Ali Larter
1042,Albert Brooks
1043,Andie MacDowell
1044,Anna Faris
1045,Amy Ryan
1046,Anna Kendrick
1047,Anne Hathaway
1048,Bette Midler
1049,Amanda Peet
1050,Adriana Lima
1051,Angelina Jolie
1052,Adriana Lima
1053,Amanda Bynes
1054,Amy Ryan
1055,Amy Ryan
1056,Ben Stiller
1057,Ashton Kutcher
1058,Amy Ryan
1059,Amy Schumer
1060,Bill Rancic
1061,Andy Serkis
1062,Beyonce Knowles
1063,Benjamin Bratt
1064,Ali Larter
1065,Anna Paquin
1066,Benicio Del Toro
1067,Bette Midler
1068,Andrew Garfield
1069,Amy Ryan
1070,Ava Gardner
1071,Adrianne Palicki
1072,Andy Serkis
1073,Andie MacDowell
1074,Amy Ryan
1075,Andreea Diaconu
1076,Alexandra Daddario
1077,Alessandra Ambrosio
1078,Arnold Schwarzenegger
1079,Audrey Tautou
1080,Alexandra Daddario
1081,Ashley Graham
1082,Amy Ryan
1083,Andie MacDowell
1084,Ashley Judd
1085,Amy Ryan
1086,Amanda Seyfried
1087,Angelina Jolie
1088,Abigail Breslin
1089,Adriana Barraza
1090,Amy Ryan
1091,Arnold Schwarzenegger
1092,Analeigh Tipton
1093,Andrew Luck
1094,Barabara Palvin
1095,Anthony Perkins
1096,Barry Pepper
1097,Andrew Lincoln
1098,Anne Bancroft
1099,Annette Bening
1100,bella thorne
1101,Betty White
1102,Billy Bob Thornton
1103,Ben Stiller
1104,Bill Pullman
1105,Adriana Lima
1106,Billy Bob Thornton
1107,Ashton Kutcher
1108,Andie MacDowell
1109,Aaron Taylor-Johnson
1110,Akemi Darenogare
1111,Benicio Del Toro
1112,Berenice Bejo
1113,Amanda Bynes
1114,Bill Paxton
1115,Anthony Perkins
1116,Anne Baxter
1117,Adele
1118,Bernie Mac
1119,Angelina Jolie
1120,Anne Baxter
1121,Anne Baxter
1122,Amanda Peet
1123,Ali Larter
1124,Aaron Paul
1125,Bill Hader
1126,Anne Baxter
1127,Amanda Bynes
1128,Al Roker
1129,Ben Stiller
1130,Ben Kingsley
1131,Al Roker
1132,Andy Serkis
1133,Amanda Peet
1134,Anne Hathaway
1135,Adele
1136,Ben Affleck
1137,Anne Baxter
1138,Ben Foster
1139,Alx James
1140,Amy Ryan
1141,Ben Affleck
1142,Anthony Perkins
1143,Analeigh Tipton
1144,Anjelica Huston
1145,Ashley Greene
1146,Ashley Greene
1147,Alexandra Daddario
1148,Ben Johnson
1149,Arnold Schwarzenegger
1150,Amy Ryan
1151,Audrey Tautou
1152,Alice Eve
1153,Audrey Hepburn
1154,Amy Ryan
1155,Alan Rickman
1156,Andy Samberg
1157,Antonio Banderas
1158,Anne Hathaway
1159,Beyonce Knowles
1160,Barry Pepper
1161,Adam Sandler
1162,Amy Ryan
1163,Ashton Kutcher
1164,Anthony Perkins
1165,Adriana Barraza
1166,Ashley Judd
1167,Amy Adams
1168,Ben Affleck
1169,Ava Gardner
1170,Bella Hadid
1171,Ben Kingsley
1172,Anne Baxter
1173,Amy Schumer
1174,Barry Pepper
1175,Amy Ryan
1176,Anna Paquin
1177,Adrianne Palicki
1178,Ava Gardner
1179,Ashley Greene
1180,Adriana Lima
1181,Ben Foster
1182,Amy Ryan
1183,Anthony Hopkins
1184,Bella Hadid
1185,Ben Johnson
1186,Bill Pullman
1187,Anjelica Huston
1188,Amanda Peet
1189,Anne Hathaway
1190,Alicia Vikander
1191,Billy Bob Thornton
1192,Billy Bob Thornton
1193,Andy Samberg
1194,Amber Heard
1195,Bette Midler
1196,Analeigh Tipton
1197,Amanda Peet
1198,Anna Sui
1199,Albert Brooks
1200,Amy Ryan
1201,Amy Ryan
1202,Adrien Brody
1203,Andreea Diaconu
1204,Ben Johnson
1205,Ben Affleck
1206,Alexandra Daddario
1207,Bill Pullman
1208,Amy Ryan
1209,Anthony Hopkins
1210,Anna Sui
1211,Ben Stiller
1212,Alessandra Ambrosio
1213,Aaron Paul
1214,Anjelica Huston
1215,Angelina Jolie
1216,Angela Bassett
1217,Amy Adams
1218,Ava Gardner
1219,Amber Heard
1220,Anna Friel
1221,Beyonce Knowles
1222,Anthony Hopkins
1223,Anna Friel
1224,Amy Ryan
1225,Bette Midler
1226,Benjamin Bratt
1227,Barbra Streisand
1228,Anthony Perkins
1229,Barry Pepper
1230,Amy Ryan
1231,Amy Ryan
1232,Abigail Breslin
1233,Barbra Streisand
1234,Arnold Schwarzenegger
1235,Amber Heard
1236,Amy Schumer
1237,Amanda Crew
1238,Amy Ryan
1239,Andie MacDowell
1240,Bill O Reilly
1241,Amy Ryan
1242,Audrey Tautou
1243,Alx James
1244,Alice Eve
1245,Bill Hader
1246,AnnaSophia Robb
1247,Andy Murray
1248,Amanda Bynes
1249,Benjamin Bratt
1250,Barry Pepper
1251,Audrey Tautou
1252,Barbra Streisand
1253,Amanda Peet
1254,Amanda Peet
1255,Analeigh Tipton
1256,Amy Ryan
1257,Amber Heard
1258,Andy Murray
1259,Amy Ryan
1260,Amy Ryan
1261,Andy Garcia
1262,Barry Pepper
1263,Bill Hader
1264,Amy Ryan
1265,Anna Faris
1266,Anne Baxter
1267,Ashton Kutcher
1268,Andreea Diaconu
1269,Betty White
1270,Amy Schumer
1271,Andrew Lincoln
1272,Art Carney
1273,Audrey Tautou
1274,Analeigh Tipton
1275,Bette Midler
1276,Amy Schumer
1277,Amy Ryan
1278,Betty White
1279,Adam Sandler
1280,Amy Ryan
1281,Anne Hathaway
1282,Analeigh Tipton
1283,Alec Baldwin
1284,Angela Bassett
1285,Alx James
1286,Amy Adams
1287,Berenice Bejo
1288,Barbra Streisand
1289,Annette Bening
1290,Alan Arkin
1291,Adriana Barraza
1292,Bill Hader
1293,Billy Bob Thornton
1294,bella thorne
1295,Amy Ryan
1296,Alec Baldwin
1297,Art Carney
1298,Ben Foster
1299,Anthony Mackie
1300,Abigail Breslin
1301,Amanda Crew
1302,Beyonce Knowles
1303,Anthony Perkins
1304,Anne Baxter
1305,Adele
1306,Barry Pepper
1307,Bill Rancic
1308,Albert Brooks
1309,Barry Pepper
1310,Amanda Peet
1311,Anna Paquin
1312,Adrianne Palicki
1313,Anna Paquin
1314,Andrew Garfield
1315,Analeigh Tipton
1316,Albert Finney
1317,Ashton Kutcher
1318,Berenice Bejo
1319,Audrey Tautou
1320,Audrey Hepburn
1321,Andy Samberg
1322,Barbra Streisand
1323,Bill Murray
1324,Amy Ryan
1325,Anna Friel
1326,Adriana Barraza
1327,bella thorne
1328,Audrey Hepburn
1329,Andrew Garfield
1330,Amy Ryan
1331,Amy Adams
1332,Ashton Kutcher
1333,Anthony Perkins
1334,Ben Foster
1335,Alan Arkin
1336,Billy Bob Thornton
1337,AnnaSophia Robb
1338,Bill O Reilly
1339,Anna Friel
1340,Anne Baxter
1341,Alexandra Daddario
1342,Aaron Taylor-Johnson
1343,Bill Rancic
1344,Anna Kendrick
1345,Andy Serkis
1346,Betty White
1347,Andreea Diaconu
1348,Bernie Mac
1349,Adele
1350,Bill Hader
1351,Amy Ryan
1352,Alan Arkin
1353,Benicio Del Toro
1354,Alexander Skarsgard
1355,Amy Ryan
1356,Adrianne Palicki
1357,Andy Samberg
1358,Alessandra Ambrosio
1359,Anderson Cooper
1360,Berenice Bejo
1361,Alice Eve
1362,Amy Ryan
1363,Adrianne Palicki
1364,Al Roker
1365,Ashley Greene
1366,Audrey Tautou
1367,Anna Kendrick
1368,Audrey Tautou
1369,Ben Foster
1370,Ashley Greene
1371,Angelina Jolie
1372,Anjelica Huston
1373,Annette Bening
1374,Aaron Judge
1375,Angelina Jolie
1376,Ben Johnson
1377,Anthony Perkins
1378,Amber Heard
1379,Anne Baxter
1380,Ashton Kutcher
1381,Alan Arkin
1382,Bill Murray
1383,bella thorne
1384,Anna Paquin
1385,Barabara Palvin
1386,Beyonce Knowles
1387,Bill Rancic
1388,Anthony Hopkins
1389,Adam Sandler
1390,Ben Johnson
1391,Adrien Brody
1392,Annette Bening
1393,Bill Paxton
1394,Alexis Thorpe
1395,Berenice Bejo
1396,Amy Ryan
1397,Anne Baxter
1398,Bill Rancic
1399,Alan Alda
1400,Betty White
1401,Ashley Graham
1402,Ava Gardner
1403,Albert Brooks
1404,Alice Eve
1405,Amanda Bynes
1406,Arnold Schwarzenegger
1407,Amy Ryan
1408,Bill O Reilly
1409,Amy Ryan
1410,Albert Brooks
1411,Bill Pullman
1412,Benicio Del Toro
1413,Anthony Hopkins
1414,Bill Rancic
1415,Adrianne Palicki
1416,Andrew Garfield
1417,Andy Serkis
1418,Adrien Brody
1419,Amy Ryan
1420,Adam Sandler
1421,Alan Arkin
1422,Anne Baxter
1423,Ben Stiller
1424,Adam Sandler
1425,Andy Serkis
1426,Amanda Peet
1427,Anthony Hopkins
1428,Ben Stiller
1429,Benjamin Bratt
1430,Angela Bassett
1431,Bill Murray
1432,Adele
1433,Ben Stiller
1434,Andy Samberg
1435,Andy Murray
1436,Benjamin Bratt
1437,Bella Hadid
1438,Ben Johnson
1439,Bill Hader
1440,Ashley Greene
1441,Adele
1442,Benicio Del Toro
1443,Ben Stiller
1444,Bill Pullman
1445,Adrianne Palicki
1446,Amy Ryan
1447,Adriana Lima
1448,Alan Arkin
1449,Alex Pettyfer
1450,Amy Schumer
1451,Arnold Schwarzenegger
1452,Andreea Diaconu
1453,Ashley Graham
1454,Andy Serkis
1455,Al Roker
1456,Alexis Thorpe
1457,Anjelica Huston
1458,Amy Ryan
1459,Bernie Mac
1460,Aaron Paul
1461,Anthony Hopkins
1462,Ashley Judd
1463,Adriana Lima
1464,Bill Rancic
1465,Alan Alda
1466,Al Pacino
1467,Andie MacDowell
1468,Aaron Taylor-Johnson
1469,Armin Mueller-Stahl
1470,Andy Samberg
1471,bella thorne
1472,Alan Alda
1473,Anna Friel
1474,Abigail Breslin
1475,Bill Rancic
1476,Amanda Seyfried
1477,Amy Ryan
1478,Bella Hadid
1479,Alice Eve
1480,Amy Ryan
1481,Andreea Diaconu
1482,Ali Larter
1483,Andy Serkis
1484,Ben Affleck
1485,Al Pacino
1486,Anthony Perkins
1487,Alan Alda
1488,Beyonce Knowles
1489,Ben Stiller
1490,Andy Murray
1491,Bill Daley
1492,Amy Ryan
1493,Andy Murray
1494,Adrianne Palicki
1495,Alice Eve
1496,Alec Baldwin
1497,Angela Bassett
1498,Audrey Tautou
1499,Amy Ryan
1500,Bernie Mac
1501,Ashton Kutcher
1502,Armin Mueller-Stahl
1503,Anjelica Huston
1504,Benedict Cumberbatch
1505,Bernie Mac
1506,Alx James
1507,Adele
1508,Alexander Skarsgard
1509,Alan Rickman
1510,Andy Samberg
1511,Adrianne Palicki
1512,Bernie Mac
1513,Berenice Bejo
1514,Amy Ryan
1515,Barabara Palvin
1516,Amy Ryan
1517,Billy Bob Thornton
1518,Beyonce Knowles
1519,Amy Ryan
1520,Bill Paxton
1521,Bill Hader
1522,Ben Affleck
1523,Alexis Thorpe
1524,Aaron Taylor-Johnson
1525,Aaron Judge
1526,Amanda Seyfried
1527,Alan Arkin
1528,Ben Kingsley
1529,Alan Rickman
1530,Ashley Graham
1531,Amy Ryan
1532,Adrianne Palicki
1533,Andreea Diaconu
1534,Aaron Judge
1535,Ashley Judd
1536,Analeigh Tipton
1537,Ashley Graham
1538,Andrew Garfield
1539,Bella Hadid
1540,Bill O Reilly
1541,Anne Hathaway
1542,Amy Ryan
1543,Anne Bancroft
1544,Amy Ryan
1545,Ben Foster
1546,Beyonce Knowles
1547,Barbra Streisand
1548,Anna Paquin
1549,Amber Heard
1550,Amy Ryan
1551,Anna Sui
1552,Ben Affleck
1553,Andy Murray
1554,Ashton Kutcher
1555,Ashton Kutcher
1556,Annette Bening
1557,Angela Bassett
1558,Andreea Diaconu
1559,Ashley Greene
1560,Alex Pettyfer
1561,Adrianne Palicki
1562,Audrey Tautou
1563,Billy Bob Thornton
1564,Armin Mueller-Stahl
1565,Alex Pettyfer
1566,Ashley Graham
1567,Andy Serkis
1568,Barabara Palvin
1569,Amy Ryan
1570,Analeigh Tipton
1571,Amy Ryan
1572,Anna Paquin
1573,Andy Murray
1574,Andrew Lincoln
1575,Ashley Graham
1576,Anthony Mackie
1577,Adam Sandler
1578,Ben Stiller
1579,Ben Stiller
1580,Adrien Brody
1581,Alan Rickman
1582,Bill Pullman
1583,Amanda Seyfried
1584,Alan Rickman
1585,Ali Larter
1586,Bill Hader
1587,Adriana Lima
1588,Adam Sandler
1589,Barabara Palvin
1590,Amy Ryan
1591,Anna Faris
1592,Benicio Del Toro
1593,Anne Baxter
1594,Amy Ryan
1595,Ben Foster
1596,Adam Sandler
1597,Alan Arkin
1598,Ben Affleck
1599,Amanda Bynes
1600,Anthony Mackie
1601,Billy Bob Thornton
1602,Audrey Tautou
1603,Albert Brooks
1604,Amanda Seyfried
1605,Andy Serkis
1606,Ashley Judd
1607,Bill Pullman
1608,Ben Affleck
1609,Amanda Seyfried
1610,Anderson Cooper
1611,Amy Ryan
1612,Anthony Hopkins
1613,Alan Rickman
1614,Amy Ryan
1615,Ali Larter
1616,Ben Stiller
1617,Benicio Del Toro
1618,Alexander Skarsgard
1619,Bill O Reilly
1620,Angela Bassett
1621,Adam Sandler
1622,Audrey Hepburn
1623,Anjelica Huston
1624,Billy Bob Thornton
1625,Anna Paquin
1626,Bill Daley
1627,Adrien Brody
1628,Alicia Vikander
1629,Albert Brooks
1630,Andy Serkis
1631,Antonio Banderas
1632,Amber Heard
1633,Andrew Lincoln
1634,Alice Eve
1635,Ashley Greene
1636,Ava Gardner
1637,Al Roker
1638,Alexander Skarsgard
1639,Amy Ryan
1640,Anderson Cooper
1641,Benjamin Bratt
1642,Amy Adams
1643,Angela Bassett
1644,Adele
1645,Andy Serkis
1646,Albert Brooks
1647,Angela Bassett
1648,Bill O Reilly
1649,Ashley Graham
1650,Anna Paquin
1651,Andy Garcia
1652,Amy Ryan
1653,Akemi Darenogare
1654,Alan Arkin
1655,Ben Stiller
1656,Andy Garcia
1657,Adriana Barraza
1658,Amy Ryan
1659,Antonio Banderas
1660,Amy Ryan
1661,Ashley Greene
1662,Amy Ryan
1663,Audrey Hepburn
1664,Andrew Lincoln
1665,Amy Ryan
1666,Anthony Perkins
1667,Al Roker
1668,Amanda Peet
1669,Adriana Barraza
1670,Betty White
1671,Beyonce Knowles
1672,Ben Stiller
1673,Ben Foster
1674,Andy Samberg
1675,Anna Paquin
1676,Amy Ryan
1677,Anna Kendrick
1678,Anne Bancroft
1679,Anna Kendrick
1680,Ben Stiller
1681,Anna Paquin
1682,Akemi Darenogare
1683,Adele
1684,Anna Friel
1685,Amy Ryan
1686,Beyonce Knowles
1687,Anna Friel
1688,Aaron Taylor-Johnson
1689,Amy Ryan
1690,Anthony Hopkins
1691,bella thorne
1692,Anthony Mackie
1693,Bernie Mac
1694,Angela Bassett
1695,Andy Murray
1696,Anthony Hopkins
1697,Amy Ryan
1698,Ben Affleck
1699,Analeigh Tipton
1700,Amy Ryan
1701,Antonio Banderas
1702,Amy Schumer
1703,Andrew Garfield
1704,Amy Ryan
1705,Annette Bening
1706,Audrey Tautou
1707,Bill Daley
1708,Amy Ryan
1709,Ben Affleck
1710,Amber Heard
1711,Alexandra Daddario
1712,Bill O Reilly
1713,Amy Adams
1714,Al Roker
1715,Adam Sandler
1716,Andrew Lincoln
1717,Anna Paquin
1718,Anna Kendrick
1719,Adele
1720,Bill Paxton
1721,Amanda Bynes
1722,Amy Ryan
1723,Ben Johnson
1724,Alx James
1725,Andrew Lincoln
1726,Bella Hadid
1727,Alex Pettyfer
1728,Adrianne Palicki
1729,Audrey Tautou
1730,Abigail Breslin
1731,Bill Rancic
1732,Amy Adams
1733,Ben Johnson
1734,Barbra Streisand
1735,Amy Ryan
1736,Adrianne Palicki
1737,Angela Bassett
1738,Anna Paquin
1739,Andreea Diaconu
1740,Ben Kingsley
1741,Amanda Crew
1742,Alan Rickman
1743,Amy Ryan
1744,Amanda Bynes
1745,Amy Ryan
1746,Ashley Judd
1747,Amy Ryan
1748,Bernie Mac
1749,Amy Ryan
1750,Ashton Kutcher
1751,Andrew Garfield
1752,Ashley Judd
1753,Amy Ryan
1754,Bernie Mac
1755,Beyonce Knowles
1756,Aaron Paul
1757,Albert Brooks
1758,Angelina Jolie
1759,Amy Ryan
1760,Ava Gardner
1761,Bill Daley
1762,AnnaSophia Robb
1763,Andrew Garfield
1764,Andrew Garfield
1765,Anna Kendrick
1766,Ben Kingsley
1767,Andrew Garfield
1768,bella thorne
1769,Bill Paxton
1770,Alan Alda
1771,Amy Ryan
1772,Ben Affleck
1773,Alan Alda
1774,Amy Ryan
1775,Billy Bob Thornton
1776,Aaron Taylor-Johnson
1777,Al Pacino
1778,Andy Murray
1779,Annette Bening
1780,Anderson Cooper
1781,Billy Bob Thornton
1782,Amanda Peet
1783,Ava Gardner
1784,Amy Ryan
1785,Beyonce Knowles
1786,Alan Alda
1787,Ben Foster
1788,Ali Larter
1789,Alan Alda
1790,Ben Affleck
1791,Andie MacDowell
1792,Bill Rancic
1793,Bernie Mac
1794,Bernie Mac
1795,Akemi Darenogare
1796,Amy Ryan
1797,Armin Mueller-Stahl
1798,Amanda Peet
1799,Anna Sui
1800,Bill Paxton
1801,Ashley Judd
1802,Andy Murray
1803,Benjamin Bratt
1804,Alex Pettyfer
1805,Alessandra Ambrosio
1806,Andrew Garfield
1807,Benjamin Bratt
1808,Audrey Hepburn
1809,Barry Pepper
1810,Alan Alda
1811,Amy Adams
1812,Anne Hathaway
1813,Audrey Tautou
1814,Amy Ryan
1815,Beyonce Knowles
1816,Ava Gardner
1817,Albert Brooks
1818,Billy Bob Thornton
1819,Akemi Darenogare
1820,Annette Bening
1821,Amy Ryan
1822,Andy Murray
1823,Angela Bassett
1824,Ashley Judd
1825,Ashley Greene
1826,Amy Ryan
1827,Bill Rancic
1828,Amy Ryan
1829,Anthony Hopkins
1830,Betty White
1831,Anjelica Huston
1832,Annette Bening
1833,Bill Murray
1834,Andy Murray
1835,Ben Kingsley
1836,Angela Bassett
1837,Ben Kingsley
1838,Andy Samberg
1839,Amy Ryan
1840,Angela Bassett
1841,Andrew Luck
1842,Billy Bob Thornton
1843,Amy Schumer
1844,Bernie Mac
1845,Bill O Reilly
1846,Andie MacDowell
1847,Billy Bob Thornton
1848,Art Carney
1849,Alexander Skarsgard
1850,Amy Ryan
1851,Alan Rickman
1852,Bill Paxton
1853,Andy Garcia
1854,Al Roker
1855,Al Roker
1856,bella thorne
1857,Adriana Lima
1858,Alexandra Daddario
1859,Armin Mueller-Stahl
1860,Albert Brooks
1861,Anthony Perkins
1862,Ben Affleck
1863,Alessandra Ambrosio
1864,Anthony Hopkins
1865,Anne Baxter
1866,Al Pacino
1867,Art Carney
1868,Amy Ryan
1869,Bernie Mac
1870,Amy Ryan
1871,Andrew Garfield
1872,Aaron Paul
1873,Amanda Peet
1874,Anne Hathaway
1875,Angelina Jolie
1876,Ashley Greene
1877,Berenice Bejo
1878,Adriana Lima
1879,Ashton Kutcher
1880,Amy Ryan
1881,Amy Adams
1882,Audrey Hepburn
1883,Andrew Garfield
1884,Bill Rancic
1885,Barry Pepper
1886,Amy Ryan
1887,Alx James
1888,Amy Ryan
1889,Adriana Barraza
1890,Andrew Garfield
1891,Andie MacDowell
1892,Ben Kingsley
1893,Amy Ryan
1894,Angela Bassett
1895,Beyonce Knowles
1896,Billy Bob Thornton
1897,Andy Murray
1898,Anne Baxter
1899,Alexandra Daddario
1900,Alex Pettyfer
1901,Audrey Hepburn
1902,Bill Hader
1903,Amanda Seyfried
1904,Amy Adams
1905,Ashton Kutcher
1906,Amanda Crew
1907,Bella Hadid
1908,Anna Friel
1909,Amy Ryan
1910,Barry Pepper
1911,Analeigh Tipton
1912,Benedict Cumberbatch
1913,Alan Rickman
1914,Adriana Barraza
1915,Anne Hathaway
1916,Alexander Skarsgard
1917,Alexandra Daddario
1918,Amy Ryan
1919,Andy Samberg
1920,Ashley Greene
1921,Anna Faris
1922,Amy Ryan
1923,AnnaSophia Robb
1924,Alan Rickman
1925,Beyonce Knowles
1926,Ben Kingsley
1927,Anna Paquin
1928,Aaron Paul
1929,Albert Brooks
1930,Anna Friel
1931,Albert Finney
1932,bella thorne
1933,Adam Sandler
1934,Alan Alda
1935,Anna Kendrick
1936,Amy Ryan
1937,Alicia Vikander
1938,Benjamin Bratt
1939,Anna Paquin
1940,Anna Friel
1941,Armin Mueller-Stahl
1942,Anjelica Huston
1943,Amy Ryan
1944,Beyonce Knowles
1945,Amber Heard
1946,Andrew Luck
1947,Amy Ryan
1948,Amy Ryan
1949,Andie MacDowell
1950,Bill O Reilly
1951,Alan Alda
1952,Amy Schumer
1953,Adam Sandler
1954,Alice Eve
1955,Andrew Garfield
1956,Adam Sandler
1957,Adrianne Palicki
1958,Betty White
1959,Abigail Breslin
1960,Amy Ryan
1961,Amy Ryan
1962,Audrey Hepburn
1963,Alicia Vikander
1964,Anna Kendrick
1965,Angelina Jolie
1966,Ali Larter
1967,Ben Stiller
1968,Bette Midler
1969,Audrey Tautou
1970,Amanda Crew
1971,Barabara Palvin
1972,Angelina Jolie
1973,Amy Schumer
1974,Andy Samberg
1975,Bill O Reilly
1976,Ashton Kutcher
1977,Alexis Thorpe
1978,Alan Rickman
1979,Benedict Cumberbatch
1980,Andy Serkis
1981,Adrien Brody
1982,Amy Ryan
1983,Anna Friel
1984,Amy Ryan
1985,Ashley Judd
1986,Alan Rickman
1987,Amy Adams
1988,Ashton Kutcher
1989,Amber Heard
1990,Barbra Streisand
1991,Anthony Perkins
1992,Art Carney
1993,Bill Daley
1994,Amanda Crew
1995,Aaron Judge
1996,Bella Hadid
1997,Amy Ryan
1998,Al Roker
1999,Benedict Cumberbatch
2000,Andreea Diaconu
2001,Annette Bening
2002,Alexandra Daddario
2003,Alice Eve
2004,Andrew Garfield
2005,Ben Kingsley
2006,Alx James
2007,Ashley Greene
2008,Amy Ryan
2009,Bette Midler
2010,Bill Pullman
2011,Adriana Barraza
2012,Bill Murray
2013,Amy Ryan
2014,Akemi Darenogare
2015,Adrianne Palicki
2016,Amy Ryan
2017,Ben Johnson
2018,Alicia Vikander
2019,Angela Bassett
2020,Adrianne Palicki
2021,Bill Murray
2022,Bette Midler
2023,Bernie Mac
2024,Annette Bening
2025,Amy Ryan
2026,Anna Friel
2027,Audrey Hepburn
2028,Amanda Crew
2029,Bernie Mac
2030,Amanda Seyfried
2031,Amy Adams
2032,Adrianne Palicki
2033,Ashley Greene
2034,Bill Daley
2035,Bill Pullman
2036,Amy Ryan
2037,Amy Ryan
2038,Betty White
2039,Billy Bob Thornton
2040,Betty White
2041,Adrianne Palicki
2042,Angelina Jolie
2043,Andy Murray
2044,Anjelica Huston
2045,Amanda Peet
2046,Alexandra Daddario
2047,Audrey Tautou
2048,Adrien Brody
2049,Alec Baldwin
2050,Armin Mueller-Stahl
2051,Analeigh Tipton
2052,Audrey Tautou
2053,Ashley Graham
2054,Audrey Hepburn
2055,Alan Rickman
2056,AnnaSophia Robb
2057,Andrew Garfield
2058,Alec Baldwin
2059,Alexis Thorpe
2060,bella thorne
2061,Amanda Crew
2062,Alan Alda
2063,AnnaSophia Robb
2064,Amy Ryan
2065,Amy Ryan
2066,Beyonce Knowles
2067,bella thorne
2068,Adam Sandler
2069,Anjelica Huston
2070,Andie MacDowell
2071,Amy Ryan
2072,Andie MacDowell
2073,Anna Paquin
2074,Angela Bassett
2075,Andy Serkis
2076,Adele
2077,Ben Kingsley
2078,Anne Baxter
2079,Ben Affleck
2080,Alexis Thorpe
2081,Amy Ryan
2082,Angela Bassett
2083,Bill Murray
2084,Ben Foster
2085,Andy Garcia
2086,Al Roker
2087,Andy Garcia
2088,Amy Ryan
2089,Alexander Skarsgard
2090,Anna Paquin
2091,Aaron Judge
2092,Bill Paxton
2093,Amber Heard
2094,Analeigh Tipton
2095,Bill O Reilly
2096,Angela Bassett
2097,Anna Faris
2098,Amy Ryan
2099,Anthony Perkins
2100,Al Roker
2101,Audrey Hepburn
2102,Anne Baxter
2103,Billy Bob Thornton
2104,Amanda Crew
2105,Anna Kendrick
2106,Andy Murray
2107,Angela Bassett
2108,Amanda Bynes
2109,Amy Ryan
2110,Anna Faris
2111,Billy Bob Thornton
2112,Adrianne Palicki
2113,Angela Bassett
2114,Anthony Perkins
2115,Ben Johnson
2116,Andreea Diaconu
2117,Adam Sandler
2118,Aaron Taylor-Johnson
2119,Anne Baxter
2120,Amy Ryan
2121,Arnold Schwarzenegger
2122,Antonio Banderas
2123,Andy Murray
2124,Ben Foster
2125,Alessandra Ambrosio
2126,Aaron Judge
2127,Bill Rancic
2128,Anjelica Huston
2129,Aaron Paul
2130,Billy Bob Thornton
2131,Benicio Del Toro
2132,Annette Bening
2133,Andrew Lincoln
2134,Anne Baxter
2135,Albert Finney
2136,Alice Eve
2137,Ben Foster
2138,Bill Paxton
2139,Ben Johnson
2140,Andrew Lincoln
2141,Bill Daley
2142,Andy Garcia
2143,Andy Garcia
2144,Alx James
2145,Aaron Paul
2146,Anna Kendrick
2147,Amy Ryan
2148,Bernie Mac
2149,Amy Ryan
2150,Alicia Vikander
2151,Amy Ryan
2152,Adrien Brody
2153,Andy Serkis
2154,Adrianne Palicki
2155,Beyonce Knowles
2156,Benedict Cumberbatch
2157,Angelina Jolie
2158,Angela Bassett
2159,Amanda Peet
2160,Adriana Barraza
2161,Amy Schumer
2162,Adam Sandler
2163,Anderson Cooper
2164,Alan Alda
2165,Adrianne Palicki
2166,Amy Ryan
2167,Analeigh Tipton
2168,Bill Hader
2169,Alec Baldwin
2170,Andy Murray
2171,Anjelica Huston
2172,Amy Schumer
2173,Albert Brooks
2174,Annette Bening
2175,Amy Ryan
2176,Analeigh Tipton
2177,Ashley Judd
2178,Arnold Schwarzenegger
2179,Ben Stiller
2180,Aaron Paul
2181,Abigail Breslin
2182,Benicio Del Toro
2183,Barry Pepper
2184,Amy Ryan
2185,Beyonce Knowles
2186,Alice Eve
2187,Bella Hadid
2188,Berenice Bejo
2189,Anthony Hopkins
2190,Ben Johnson
2191,Amanda Peet
2192,Antonio Banderas
2193,Bill Pullman
2194,Alessandra Ambrosio
2195,Alice Eve
2196,Anthony Perkins
2197,Anna Friel
2198,Amanda Crew
2199,Ava Gardner
2200,Amy Ryan
2201,Amanda Seyfried
2202,Alexander Skarsgard
2203,Bill Daley
2204,Angelina Jolie
2205,Andreea Diaconu
2206,Alessandra Ambrosio
2207,Anne Hathaway
2208,Bernie Mac
2209,Alan Arkin
2210,Bill O Reilly
2211,Armin Mueller-Stahl
2212,Ashley Greene
2213,AnnaSophia Robb
2214,Audrey Hepburn
2215,Ben Foster
2216,Anna Paquin
2217,Bernie Mac
2218,Billy Bob Thornton
2219,Amy Ryan
2220,Amy Ryan
2221,Ben Affleck
2222,Bette Midler
2223,Adriana Barraza
2224,Ashton Kutcher
2225,Aaron Taylor-Johnson
2226,Amy Ryan
2227,Aaron Judge
2228,Ben Johnson
2229,Adrien Brody
2230,Benicio Del Toro
2231,Ashley Greene
2232,Barry Pepper
2233,Alessandra Ambrosio
2234,Anthony Hopkins
2235,Amy Ryan
2236,Ava Gardner
2237,Amy Ryan
2238,Audrey Hepburn
2239,Alan Arkin
2240,Adriana Barraza
2241,Anna Faris
2242,Billy Bob Thornton
2243,Annette Bening
2244,Anthony Hopkins
2245,Amy Ryan
2246,Amy Ryan
2247,Benjamin Bratt
2248,Bill Pullman
2249,Anna Faris
2250,Andy Murray
2251,Al Roker
2252,Anne Hathaway
2253,Andreea Diaconu
2254,Albert Finney
2255,Bill Rancic
2256,Andreea Diaconu
2257,Amy Ryan
2258,Anthony Mackie
2259,Amy Ryan
2260,Angelina Jolie
2261,Barry Pepper
2262,Alexis Thorpe
2263,Annette Bening
2264,Al Pacino
2265,Anne Baxter
2266,Beyonce Knowles
2267,Ben Affleck
2268,Arnold Schwarzenegger
2269,Annette Bening
2270,Bernie Mac
2271,Analeigh Tipton
2272,Ben Affleck
2273,Alan Rickman
2274,Beyonce Knowles
2275,Alexandra Daddario
2276,Alexis Thorpe
2277,Adele
2278,Ashley Graham
2279,Albert Finney
2280,Arnold Schwarzenegger
2281,Bill Hader
2282,Adam Sandler
2283,Anna Paquin
2284,Arnold Schwarzenegger
2285,Anthony Hopkins
2286,Ava Gardner
2287,Antonio Banderas
2288,Beyonce Knowles
2289,Andrew Luck
2290,Ben Affleck
2291,Amanda Bynes
2292,bella thorne
2293,Analeigh Tipton
2294,Andreea Diaconu
2295,Andrew Lincoln
2296,Alan Alda
2297,Amanda Seyfried
2298,Beyonce Knowles
2299,Betty White
2300,Art Carney
2301,Amy Ryan
2302,Aaron Paul
2303,Alexandra Daddario
2304,Ben Kingsley
2305,Alexandra Daddario
2306,Ashley Greene
2307,Arnold Schwarzenegger
2308,Ashley Greene
2309,Angela Bassett
2310,Albert Finney
2311,Alessandra Ambrosio
2312,Amy Ryan
2313,Annette Bening
2314,Alexis Thorpe
2315,Amy Ryan
2316,Alexandra Daddario
2317,Abigail Breslin
2318,Annette Bening
2319,Anna Faris
2320,Bill Hader
2321,Adriana Barraza
2322,Bill Pullman
2323,Bill Pullman
2324,Amy Ryan
2325,Bette Midler
2326,Amy Ryan
2327,Barry Pepper
2328,Andy Serkis
2329,Adele
2330,Betty White
2331,Amy Ryan
2332,Alexandra Daddario
2333,Andrew Garfield
2334,Albert Brooks
2335,Angela Bassett
2336,Andrew Garfield
2337,Amy Ryan
2338,Beyonce Knowles
2339,Al Pacino
2340,Aaron Paul
2341,Barry Pepper
2342,Anne Hathaway
2343,Adrien Brody
2344,Bill Daley
2345,Alexander Skarsgard
2346,Antonio Banderas
2347,Alan Alda
2348,Annette Bening
2349,Ava Gardner
2350,Anne Hathaway
2351,Audrey Tautou
2352,Adam Sandler
2353,Amy Ryan
2354,Benjamin Bratt
2355,Bill Pullman
2356,Amy Ryan
2357,Adele
2358,Ashley Greene
2359,Amy Ryan
2360,Amy Ryan
2361,Beyonce Knowles
2362,Amanda Peet
2363,Benjamin Bratt
2364,Albert Brooks
2365,Ashley Greene
2366,Ben Affleck
2367,Andrew Garfield
2368,Andy Serkis
2369,Bill O Reilly
2370,Adrianne Palicki
2371,Anne Baxter
2372,Aaron Taylor-Johnson
2373,Alec Baldwin
2374,Barry Pepper
2375,Amy Ryan
2376,Al Pacino
2377,Bette Midler
2378,Bill Paxton
2379,Beyonce Knowles
2380,Amy Ryan
2381,Angela Bassett
2382,Annette Bening
2383,Aaron Taylor-Johnson
2384,Andrew Luck
2385,Ashley Greene
2386,Annette Bening
2387,Ben Kingsley
2388,Amy Ryan
2389,Andrew Luck
2390,Betty White
2391,Analeigh Tipton
2392,Abigail Breslin
2393,Adriana Lima
2394,Alec Baldwin
2395,Andrew Luck
2396,Amanda Peet
2397,Amy Schumer
2398,Amy Ryan
2399,Al Roker
2400,Anne Baxter
2401,Amy Ryan
2402,Andy Samberg
2403,Anne Baxter
2404,Bill O Reilly
2405,Bill O Reilly
2406,Anjelica Huston
2407,Alex Pettyfer
2408,Alan Rickman
2409,Beyonce Knowles
2410,AnnaSophia Robb
2411,Amy Ryan
2412,Ashley Judd
2413,Adrianne Palicki
2414,Anna Friel
2415,Alessandra Ambrosio
2416,Betty White
2417,Abigail Breslin
2418,Audrey Hepburn
2419,Amy Ryan
2420,Amy Schumer
2421,Audrey Hepburn
2422,Anne Bancroft
2423,Ashley Greene
2424,Anne Hathaway
2425,Amy Ryan
2426,Ben Stiller
2427,Ben Johnson
2428,Ben Kingsley
2429,Aaron Judge
2430,Arnold Schwarzenegger
2431,Amy Ryan
2432,Benjamin Bratt
2433,Amy Ryan
2434,Alan Rickman
2435,Betty White
2436,Alice Eve
2437,Benjamin Bratt
2438,Amanda Peet
2439,Amy Ryan
2440,Barabara Palvin
2441,Andreea Diaconu
2442,Amy Ryan
2443,Abigail Breslin
2444,Anthony Perkins
2445,Benedict Cumberbatch
2446,Adriana Lima
2447,Barabara Palvin
2448,Andrew Luck
2449,Arnold Schwarzenegger
2450,Amanda Seyfried
2451,Benedict Cumberbatch
2452,Amanda Seyfried
2453,Angela Bassett
2454,Benedict Cumberbatch
2455,Amanda Bynes
2456,Andrew Garfield
2457,Ben Kingsley
2458,Alex Pettyfer
2459,Alex Pettyfer
2460,Bernie Mac
2461,Albert Finney
2462,Anna Faris
2463,Benedict Cumberbatch
2464,Amanda Seyfried
2465,Ava Gardner
2466,Amy Ryan
2467,Anthony Hopkins
2468,Bill Murray
2469,Andrew Garfield
2470,Benicio Del Toro
2471,Anthony Perkins
2472,Andrew Lincoln
2473,Adriana Lima
2474,Amy Schumer
2475,Aaron Paul
2476,Andreea Diaconu
2477,Abigail Breslin
2478,Amy Ryan
2479,Billy Bob Thornton
2480,Anderson Cooper
2481,Andy Garcia
2482,Adriana Barraza
2483,Anjelica Huston
2484,Amy Ryan
2485,Amy Ryan
2486,Benedict Cumberbatch
2487,Aaron Judge
2488,Benjamin Bratt
2489,Andreea Diaconu
2490,Alexander Skarsgard
2491,Ashley Graham
2492,Anjelica Huston
2493,Andy Samberg
2494,Andrew Luck
2495,Benicio Del Toro
2496,Anthony Mackie
2497,Anne Baxter
2498,Alexis Thorpe
2499,Amy Ryan
2500,Amy Ryan
2501,Amy Ryan
2502,Anna Friel
2503,Anna Paquin
2504,Angelina Jolie
2505,Aaron Taylor-Johnson
2506,Alec Baldwin
2507,Andy Murray
2508,Amanda Bynes
2509,Andreea Diaconu
2510,Alessandra Ambrosio
2511,Alexandra Daddario
2512,Adrianne Palicki
2513,Adrien Brody
2514,Bill Hader
2515,Annette Bening
2516,Amy Ryan
2517,Amy Ryan
2518,Andy Samberg
2519,Bette Midler
2520,Amy Schumer
2521,Analeigh Tipton
2522,Barabara Palvin
2523,Amy Ryan
2524,Alx James
2525,Bill Hader
2526,Andy Samberg
2527,Anna Paquin
2528,Amy Ryan
2529,Andy Samberg
2530,Anne Hathaway
2531,AnnaSophia Robb
2532,Andy Garcia
2533,Andreea Diaconu
2534,Adriana Lima
2535,Benicio Del Toro
2536,Andrew Garfield
2537,Ben Stiller
2538,Ben Affleck
2539,Andrew Garfield
2540,Amber Heard
2541,Andie MacDowell
2542,Andrew Garfield
2543,Amy Ryan
2544,Amy Ryan
2545,Arnold Schwarzenegger
2546,Angela Bassett
2547,Andrew Garfield
2548,Berenice Bejo
2549,Beyonce Knowles
2550,Anna Faris
2551,Benedict Cumberbatch
2552,Amy Ryan
2553,Barabara Palvin
2554,Art Carney
2555,Andrew Luck
2556,Ben Johnson
2557,Amy Ryan
2558,Adriana Barraza
2559,Amanda Bynes
2560,Alx James
2561,Ashley Greene
2562,Benicio Del Toro
2563,Ben Johnson
2564,Analeigh Tipton
2565,Ben Kingsley
2566,Amy Ryan
2567,Barbra Streisand
2568,Betty White
2569,Ali Larter
2570,Billy Bob Thornton
2571,Amy Ryan
2572,Bill Daley
2573,Ashley Graham
2574,Anna Paquin
2575,Amanda Peet
2576,Alan Alda
2577,Amy Ryan
2578,Ashley Judd
2579,Alexander Skarsgard
2580,Amber Heard
2581,Barry Pepper
2582,Ashton Kutcher
2583,Audrey Hepburn
2584,bella thorne
2585,Anjelica Huston
2586,Adrianne Palicki
2587,Bill Daley
2588,Alan Rickman
2589,Alan Arkin
2590,Amanda Bynes
2591,Amy Ryan
2592,Amy Ryan
2593,Barbra Streisand
2594,Amy Ryan
2595,Adrianne Palicki
2596,Annette Bening
2597,Alice Eve
2598,Amy Ryan
2599,Adrianne Palicki
2600,Amanda Seyfried
2601,Amy Ryan
2602,Anne Hathaway
2603,Anthony Perkins
2604,Amanda Crew
2605,Amy Ryan
2606,Bernie Mac
2607,Akemi Darenogare
2608,Amy Ryan
2609,Alan Arkin
2610,Alec Baldwin
2611,Analeigh Tipton
2612,Andreea Diaconu
2613,Alan Rickman
2614,Anna Friel
2615,Amy Ryan
2616,Andie MacDowell
2617,Anna Paquin
2618,Ben Stiller
2619,Alice Eve
2620,Audrey Hepburn
2621,Andy Garcia
2622,Audrey Hepburn
2623,Amy Ryan
2624,Anjelica Huston
2625,Billy Bob Thornton
2626,Amy Ryan
2627,Amy Ryan
2628,Alec Baldwin
2629,Albert Finney
2630,Armin Mueller-Stahl
2631,Ashton Kutcher
2632,Bill Rancic
2633,Arnold Schwarzenegger
2634,Audrey Tautou
2635,Amy Ryan
2636,Bill Rancic
2637,Amy Ryan
2638,Adrien Brody
2639,Anne Baxter
2640,Anna Kendrick
2641,Anne Baxter
2642,Andy Samberg
2643,Andie MacDowell
2644,Audrey Tautou
2645,Anjelica Huston
2646,Alec Baldwin
2647,Bernie Mac
2648,Ben Kingsley
2649,Anna Friel
2650,Andie MacDowell
2651,Amy Ryan
2652,Andrew Luck
2653,Aaron Taylor-Johnson
2654,Anna Kendrick
2655,Amy Ryan
2656,Andy Samberg
2657,Alice Eve
2658,Albert Finney
2659,Andy Murray
2660,Anna Friel
2661,Andy Garcia
2662,Alx James
2663,Annette Bening
2664,Andreea Diaconu
2665,Angelina Jolie
2666,Beyonce Knowles
2667,Anthony Perkins
2668,Amy Ryan
2669,Barbra Streisand
2670,Adrianne Palicki
2671,AnnaSophia Robb
2672,Amy Ryan
2673,Alan Arkin
2674,Anna Paquin
2675,Billy Bob Thornton
2676,Alan Rickman
2677,Ashley Greene
2678,Ben Foster
2679,Alan Rickman
2680,Amy Ryan
2681,Berenice Bejo
2682,Ashley Graham
2683,Ashley Graham
2684,Aaron Judge
2685,Amy Ryan
2686,Amy Ryan
2687,Alexis Thorpe
2688,Bill O Reilly
2689,Al Roker
2690,Andrew Lincoln
2691,Annette Bening
2692,Andy Murray
2693,Berenice Bejo
2694,Amy Ryan
2695,Anne Hathaway
2696,Ashley Graham
2697,Ben Foster
2698,Alan Arkin
2699,Anna Paquin
2700,Andy Garcia
2701,Aaron Paul
2702,Adrianne Palicki
2703,Andy Murray
2704,Angela Bassett
2705,Alicia Vikander
2706,Amanda Peet
2707,Bette Midler
2708,Ben Affleck
2709,Bill Paxton
2710,Amy Ryan
2711,Anjelica Huston
2712,Ava Gardner
2713,Ben Johnson
2714,Amanda Seyfried
2715,Berenice Bejo
2716,Andreea Diaconu
2717,Angelina Jolie
2718,Andreea Diaconu
2719,Al Roker
2720,Abigail Breslin
2721,Audrey Hepburn
2722,Adam Sandler
2723,Anna Faris
2724,Anjelica Huston
2725,Amy Ryan
2726,Bill Daley
2727,Benedict Cumberbatch
2728,Andrew Lincoln
2729,Bill Hader
2730,Amy Adams
2731,Alan Rickman
2732,Anna Paquin
2733,Amy Schumer
2734,Aaron Judge
2735,Barry Pepper
2736,Beyonce Knowles
2737,Amy Ryan
2738,Amanda Peet
2739,Alan Alda
2740,Amber Heard
2741,Bill Daley
2742,Benjamin Bratt
2743,Angelina Jolie
2744,Adrianne Palicki
2745,Bill Hader
2746,Bill Daley
2747,Audrey Hepburn
2748,Abigail Breslin
2749,Ashley Graham
2750,Audrey Tautou
2751,Albert Brooks
2752,Andy Samberg
2753,Aaron Paul
2754,Abigail Breslin
2755,Amy Ryan
2756,Adriana Lima
2757,Billy Bob Thornton
2758,Armin Mueller-Stahl
2759,Anna Paquin
2760,Ben Stiller
2761,Bill Paxton
2762,Amy Ryan
2763,Barabara Palvin
2764,Anna Friel
2765,Amanda Peet
2766,Amy Ryan
2767,Ali Larter
2768,Beyonce Knowles
2769,Audrey Tautou
2770,Annette Bening
2771,Andy Serkis
2772,Andrew Lincoln
2773,Anna Kendrick
2774,Beyonce Knowles
2775,Ava Gardner
2776,Amy Adams
2777,Amy Ryan
2778,Alex Pettyfer
2779,Aaron Paul
2780,Amy Ryan
2781,Analeigh Tipton
2782,Barry Pepper
2783,Audrey Tautou
2784,Akemi Darenogare
2785,Adrien Brody
2786,Alexis Thorpe
2787,Amy Adams
2788,Audrey Hepburn
2789,Alexis Thorpe
2790,Adrianne Palicki
2791,Benjamin Bratt
2792,Ben Johnson
2793,Alexandra Daddario
2794,Anne Baxter
2795,Amy Ryan
2796,Ashley Greene
2797,Anne Hathaway
2798,Anne Hathaway
2799,Ben Johnson
2800,Andy Serkis
2801,Abigail Breslin
2802,Ashley Greene
2803,Akemi Darenogare
2804,Anna Friel
2805,Ben Affleck
2806,Akemi Darenogare
2807,Amy Ryan
2808,Armin Mueller-Stahl
2809,Amy Ryan
2810,Aaron Paul
2811,Ashley Judd
2812,Andy Murray
2813,Berenice Bejo
2814,Al Pacino
2815,Anderson Cooper
2816,Bill Rancic
2817,Ali Larter
2818,Antonio Banderas
2819,Amy Ryan
2820,Bill O Reilly
2821,Andrew Lincoln
2822,Andy Serkis
2823,Ben Kingsley
2824,Amanda Crew
2825,Anderson Cooper
2826,Andrew Garfield
2827,Alec Baldwin
2828,Amy Ryan
2829,Amy Ryan
2830,Bill Paxton
2831,Alan Rickman
2832,Ben Stiller
2833,Anjelica Huston
2834,Anna Paquin
2835,Amanda Seyfried
2836,Angela Bassett
2837,Alexandra Daddario
2838,Alan Rickman
2839,Angela Bassett
2840,Bill Murray
2841,Adriana Lima
2842,Anjelica Huston
2843,Andrew Luck
2844,Bill Daley
2845,Alec Baldwin
2846,Amanda Peet
2847,Billy Bob Thornton
2848,Ava Gardner
2849,Alicia Vikander
2850,Ashley Graham
2851,Amanda Seyfried
2852,Armin Mueller-Stahl
2853,Angela Bassett
2854,Andy Murray
2855,Amy Ryan
2856,Albert Finney
2857,Amanda Peet
2858,Berenice Bejo
2859,Andrew Luck
2860,Amy Schumer
2861,Bill Daley
2862,Andreea Diaconu
2863,Alice Eve
2864,Amy Ryan
2865,Ben Johnson
2866,Alexander Skarsgard
2867,Andrew Garfield
2868,Benjamin Bratt
2869,Annette Bening
2870,Angela Bassett
2871,Andy Samberg
2872,Ali Larter
2873,Berenice Bejo
2874,Alan Rickman
2875,Billy Bob Thornton
2876,Benjamin Bratt
2877,Ava Gardner
2878,AnnaSophia Robb
2879,Betty White
2880,Amy Ryan
2881,Andie MacDowell
2882,Anna Paquin
2883,Ashley Greene
2884,Beyonce Knowles
2885,Audrey Hepburn
2886,Art Carney
2887,Barry Pepper
2888,Antonio Banderas
2889,Bill Hader
2890,Akemi Darenogare
2891,Alessandra Ambrosio
2892,Adriana Lima
2893,Billy Bob Thornton
2894,Amy Schumer
2895,Ben Foster
2896,Alx James
2897,Adriana Lima
2898,Alexis Thorpe
2899,Anjelica Huston
2900,Ben Affleck
2901,Andy Garcia
2902,Billy Bob Thornton
2903,Amy Ryan
2904,Annette Bening
2905,Alan Arkin
2906,Ben Foster
2907,Amy Ryan
2908,Ashley Judd
2909,Amy Ryan
2910,Anne Baxter
2911,Barabara Palvin
2912,Amanda Seyfried
2913,Barry Pepper
2914,Audrey Hepburn
2915,Adrianne Palicki
2916,Ashley Judd
2917,Abigail Breslin
2918,Ava Gardner
2919,Andrew Lincoln
2920,Benicio Del Toro
2921,Alexander Skarsgard
2922,Barabara Palvin
2923,AnnaSophia Robb
2924,Andy Garcia
2925,Amanda Peet
2926,Andreea Diaconu
2927,Aaron Paul
2928,Amy Adams
2929,Amy Ryan
2930,Anna Paquin
2931,Angela Bassett
2932,Ashley Greene
2933,Alice Eve
2934,Anna Paquin
2935,Analeigh Tipton
2936,Amy Ryan
2937,Analeigh Tipton
2938,Amy Ryan
2939,Angelina Jolie
2940,Ashley Graham
2941,Amy Ryan
2942,Adam Sandler
2943,Alan Alda
2944,Antonio Banderas
2945,Alex Pettyfer
2946,Amy Ryan
2947,Barabara Palvin
2948,Anthony Mackie
2949,Albert Brooks
2950,Annette Bening
2951,Benicio Del Toro
2952,Amanda Bynes
2953,Anna Kendrick
2954,Andy Murray
2955,Barry Pepper
2956,Anna Friel
2957,Amy Ryan
2958,Analeigh Tipton
2959,Andrew Lincoln
2960,Billy Bob Thornton
2961,bella thorne
2962,Ben Stiller
2963,Ashley Greene
2964,Ben Johnson
2965,Andie MacDowell
2966,Angelina Jolie
2967,Berenice Bejo
2968,Amy Ryan
2969,Amy Ryan
2970,Amy Ryan
2971,Barbra Streisand
2972,Angela Bassett
2973,Ben Kingsley
2974,Bernie Mac
2975,Benjamin Bratt
2976,Benicio Del Toro
2977,Ashton Kutcher
2978,Alexander Skarsgard
2979,Anna Faris
2980,Bill Hader
2981,Alan Alda
2982,Amy Ryan
2983,Ashley Judd
2984,Andrew Luck
2985,Amy Ryan
2986,Beyonce Knowles
2987,Andreea Diaconu
2988,Ashley Judd
2989,Amanda Bynes
2990,Alice Eve
2991,Antonio Banderas
2992,Aaron Taylor-Johnson
2993,Andy Murray
2994,Aaron Judge
2995,Antonio Banderas
2996,Aaron Paul
2997,Alessandra Ambrosio
2998,Andy Murray
2999,Albert Brooks
3000,Anthony Mackie
3001,Anthony Mackie
3002,Angelina Jolie
3003,Albert Brooks
3004,Anjelica Huston
3005,Anne Hathaway
3006,Alexander Skarsgard
3007,Anderson Cooper
3008,bella thorne
3009,Ben Kingsley
3010,Armin Mueller-Stahl
3011,Andreea Diaconu
3012,Bill Pullman
3013,Ashley Greene
3014,Ben Stiller
3015,Ashley Judd
3016,Amy Ryan
3017,Benjamin Bratt
3018,Amy Ryan
3019,Abigail Breslin
3020,Amanda Bynes
3021,Angela Bassett
3022,Andy Samberg
3023,Ashley Judd
3024,Bill O Reilly
3025,Anne Hathaway
3026,Amanda Bynes
3027,Ben Johnson
3028,Annette Bening
3029,Akemi Darenogare
3030,Barbra Streisand
3031,Armin Mueller-Stahl
3032,Anjelica Huston
3033,Barbra Streisand
3034,Annette Bening
3035,Alan Rickman
3036,Bill Pullman
3037,Bill O Reilly
3038,Anjelica Huston
3039,Billy Bob Thornton
3040,Bill Pullman
3041,Anthony Perkins
3042,Bill Rancic
3043,Amanda Peet
3044,Andrew Luck
3045,Amy Ryan
3046,Barabara Palvin
3047,Adriana Lima
3048,Ben Stiller
3049,Barabara Palvin
3050,Amanda Peet
3051,Barry Pepper
3052,Anderson Cooper
3053,Amy Ryan
3054,Anna Paquin
3055,Albert Brooks
3056,Barry Pepper
3057,Anne Hathaway
3058,Barry Pepper
3059,Anthony Perkins
3060,Amanda Crew
3061,Andrew Lincoln
3062,Andy Murray
3063,Amy Schumer
3064,Analeigh Tipton
3065,Benedict Cumberbatch
3066,Alexandra Daddario
3067,Annette Bening
3068,Andy Serkis
3069,Bill Paxton
3070,Alx James
3071,Angelina Jolie
3072,Ashley Judd
3073,Ben Affleck
3074,Anne Baxter
3075,Bella Hadid
3076,Amy Ryan
3077,Angelina Jolie
3078,Albert Brooks
3079,Alexander Skarsgard
3080,Aaron Taylor-Johnson
3081,Anna Kendrick
3082,Arnold Schwarzenegger
3083,Bill O Reilly
3084,Amy Schumer
3085,Antonio Banderas
3086,Angela Bassett
3087,Anderson Cooper
3088,Amy Ryan
3089,Anthony Perkins
3090,Bette Midler
3091,Audrey Hepburn
3092,Ashton Kutcher
3093,Adrien Brody
3094,Barbra Streisand
3095,Benjamin Bratt
3096,Ashley Greene
3097,Amy Ryan
3098,Ashley Greene
3099,Ashley Judd
3100,Anna Faris
3101,Ben Foster
3102,Amanda Peet
3103,Amy Ryan
3104,Anthony Mackie
3105,Alessandra Ambrosio
3106,Ali Larter
3107,Barbra Streisand
3108,Beyonce Knowles
3109,Andrew Luck
3110,Amy Ryan
3111,Anne Bancroft
3112,Bill Murray
3113,Ashley Greene
3114,Andrew Luck
3115,Amy Ryan
3116,Anthony Perkins
3117,Amy Schumer
3118,Amy Ryan
3119,Anne Baxter
3120,Amy Adams
3121,Anthony Perkins
3122,Amy Ryan
3123,Bill Rancic
3124,Andreea Diaconu
3125,Amy Ryan
3126,Amy Adams
3127,Amy Ryan
3128,Benjamin Bratt
3129,Adam Sandler
3130,Amy Ryan
3131,Adriana Lima
3132,Amy Ryan
3133,Adrien Brody
3134,Beyonce Knowles
3135,Ben Kingsley
3136,Billy Bob Thornton
3137,Amy Ryan
3138,Ben Foster
3139,Alx James
3140,Amy Ryan
3141,Anjelica Huston
3142,Art Carney
3143,Alx James
3144,Aaron Taylor-Johnson
3145,Amy Ryan
3146,Bette Midler
3147,Ashley Greene
3148,Amy Ryan
3149,Adriana Lima
3150,Bella Hadid
3151,Ava Gardner
3152,Anna Sui
3153,Bernie Mac
3154,Anjelica Huston
3155,Aaron Paul
3156,Anne Baxter
3157,Bill Rancic
3158,Anne Baxter
3159,Akemi Darenogare
3160,Andie MacDowell
3161,Andie MacDowell
3162,Angela Bassett
3163,Adrien Brody
3164,Alicia Vikander
3165,Anthony Hopkins
3166,Amy Ryan
3167,Ashley Greene
3168,Andy Samberg
3169,Billy Bob Thornton
3170,Anne Hathaway
3171,Ashley Greene
3172,Amy Ryan
3173,Berenice Bejo
3174,Amy Ryan
3175,Analeigh Tipton
3176,Anne Bancroft
3177,Amy Ryan
3178,Amanda Crew
3179,Al Pacino
3180,Anna Sui
3181,Akemi Darenogare
3182,Albert Finney
3183,Adriana Barraza
3184,Alx James
3185,Andie MacDowell
3186,Ben Affleck
3187,Alexander Skarsgard
3188,Ava Gardner
3189,Alan Alda
3190,Amy Adams
3191,Benicio Del Toro
3192,Barabara Palvin
3193,Bernie Mac
3194,Andy Garcia
3195,Amy Ryan
3196,Adriana Barraza
3197,Bill Hader
3198,Angela Bassett
3199,Adrianne Palicki
3200,Albert Finney
3201,Angelina Jolie
3202,AnnaSophia Robb
3203,Anjelica Huston
3204,Ashley Judd
3205,Benedict Cumberbatch
3206,Abigail Breslin
3207,Beyonce Knowles
3208,Ben Affleck
3209,Bette Midler
3210,Alec Baldwin
3211,Alan Alda
3212,Andreea Diaconu
3213,Bill Paxton
3214,Ben Stiller
3215,Bella Hadid
3216,Amanda Bynes
3217,Albert Brooks
3218,Adele
3219,Amy Ryan
3220,Ben Affleck
3221,Ben Foster
3222,Bill Hader
3223,Andy Garcia
3224,Amy Ryan
3225,Andy Murray
3226,Audrey Tautou
3227,Alec Baldwin
3228,Anna Kendrick
3229,Andy Garcia
3230,Barbra Streisand
3231,Amy Ryan
3232,Barabara Palvin
3233,Anthony Hopkins
3234,Billy Bob Thornton
3235,Ashley Greene
3236,Betty White
3237,Ava Gardner
3238,Anna Paquin
3239,Ben Affleck
3240,Ashley Greene
3241,Anna Kendrick
3242,Anna Friel
3243,Bill Murray
3244,Benedict Cumberbatch
3245,Anderson Cooper
3246,Andy Garcia
3247,Ben Kingsley
3248,Anne Baxter
3249,Akemi Darenogare
3250,Amanda Peet
3251,Ben Johnson
3252,Arnold Schwarzenegger
3253,Aaron Paul
3254,Alec Baldwin
3255,Alx James
3256,Alexandra Daddario
3257,Adriana Lima
3258,Ashley Judd
3259,Angela Bassett
3260,Bernie Mac
3261,Alex Pettyfer
3262,Alec Baldwin
3263,Andy Garcia
3264,Amy Ryan
3265,Ben Foster
3266,Anne Bancroft
3267,Andy Garcia
3268,Aaron Taylor-Johnson
3269,Andrew Lincoln
3270,Amy Ryan
3271,Benjamin Bratt
3272,Amy Ryan
3273,Anne Baxter
3274,Amy Ryan
3275,Alan Rickman
3276,Amanda Peet
3277,Amy Ryan
3278,Adriana Lima
3279,Ben Johnson
3280,Andrew Garfield
3281,Amy Ryan
3282,Amy Schumer
3283,Bill Rancic
3284,Andrew Garfield
3285,Anthony Hopkins
3286,Annette Bening
3287,Angela Bassett
3288,Andrew Lincoln
3289,Al Roker
3290,Alexandra Daddario
3291,Angelina Jolie
3292,Abigail Breslin
3293,Ashley Greene
3294,Alec Baldwin
3295,Aaron Judge
3296,Anne Hathaway
3297,Amy Ryan
3298,Andy Murray
3299,Barbra Streisand
3300,Anna Paquin
3301,Anna Kendrick
3302,Amy Ryan
3303,Andrew Luck
3304,Adele
3305,Amanda Bynes
3306,Amanda Crew
3307,Bette Midler
3308,Ashton Kutcher
3309,Al Roker
3310,Amy Schumer
3311,Anna Kendrick
3312,Adriana Lima
3313,Anthony Hopkins
3314,Alexander Skarsgard
3315,Angela Bassett
3316,Ashley Judd
3317,Amber Heard
3318,Amy Ryan
3319,Benedict Cumberbatch
3320,Anthony Perkins
3321,Ben Johnson
3322,Amy Ryan
3323,Audrey Tautou
3324,Amy Ryan
3325,Amy Ryan
3326,Anne Hathaway
3327,Alice Eve
3328,bella thorne
3329,Amy Ryan
3330,Bill Daley
3331,Andrew Lincoln
3332,Anne Baxter
3333,Bernie Mac
3334,Andie MacDowell
3335,Anderson Cooper
3336,Amanda Crew
3337,Annette Bening
3338,Albert Brooks
3339,Alec Baldwin
3340,Aaron Paul
3341,Beyonce Knowles
3342,Bill Rancic
3343,Adrien Brody
3344,Beyonce Knowles
3345,bella thorne
3346,Amy Schumer
3347,Amy Ryan
3348,Anderson Cooper
3349,Alexandra Daddario
3350,Anna Paquin
3351,Audrey Hepburn
3352,Annette Bening
3353,Adam Sandler
3354,Amanda Seyfried
3355,Antonio Banderas
3356,Alexandra Daddario
3357,Amy Ryan
3358,Ava Gardner
3359,Anna Sui
3360,Anna Faris
3361,Ben Johnson
3362,Alexandra Daddario
3363,Anthony Hopkins
3364,Alice Eve
3365,Analeigh Tipton
3366,Amy Ryan
3367,Angelina Jolie
3368,Amy Ryan
3369,Billy Bob Thornton
3370,Ava Gardner
3371,Aaron Paul
3372,Amy Ryan
3373,Al Roker
3374,Ben Johnson
3375,Benicio Del Toro
3376,Ben Affleck
3377,Bill Rancic
3378,Bill Hader
3379,Benjamin Bratt
3380,Billy Bob Thornton
3381,Anne Baxter
3382,Barbra Streisand
3383,Amanda Peet
3384,Bill Daley
3385,Amy Adams
3386,Andreea Diaconu
3387,Anthony Hopkins
3388,Anna Paquin
3389,Barabara Palvin
3390,Ashley Greene
3391,Ashley Greene
3392,Armin Mueller-Stahl
3393,Angela Bassett
3394,Bill O Reilly
3395,Ben Affleck
3396,Analeigh Tipton
3397,Bernie Mac
3398,Albert Finney
3399,Bill Paxton
3400,Ben Affleck
3401,Benicio Del Toro
3402,Abigail Breslin
3403,Adrianne Palicki
3404,Amy Ryan
3405,Amy Ryan
3406,Andreea Diaconu
3407,Ashley Judd
3408,Benicio Del Toro
3409,Andy Serkis
3410,Amy Ryan
3411,Bernie Mac
3412,Adriana Barraza
3413,Alan Alda
3414,Audrey Hepburn
3415,Amy Schumer
3416,Amy Ryan
3417,Ashley Greene
3418,Beyonce Knowles
3419,Amy Ryan
3420,Amy Ryan
3421,Anne Bancroft
3422,Akemi Darenogare
3423,Anthony Perkins
3424,Benicio Del Toro
3425,Ben Foster
3426,Amy Ryan
3427,Beyonce Knowles
3428,Antonio Banderas
3429,Amanda Seyfried
3430,Beyonce Knowles
3431,Andreea Diaconu
3432,Alx James
3433,Billy Bob Thornton
3434,Andy Serkis
3435,Armin Mueller-Stahl
3436,Andy Garcia
3437,Amy Ryan
3438,Amy Ryan
3439,Alexis Thorpe
3440,Alexandra Daddario
3441,Bella Hadid
3442,Ben Affleck
3443,Ben Johnson
3444,Betty White
3445,Andy Murray
3446,Andie MacDowell
3447,Amy Ryan
3448,Aaron Paul
3449,Amy Ryan
3450,Anthony Mackie
3451,Amy Ryan
3452,Ava Gardner
3453,Ben Kingsley
3454,Barabara Palvin
3455,Ashley Judd
3456,Ben Affleck
3457,Benjamin Bratt
3458,Amy Ryan
3459,Amy Ryan
3460,Bill Daley
3461,Alexis Thorpe
3462,Barabara Palvin
3463,Adrianne Palicki
3464,Bill Pullman
3465,Ava Gardner
3466,Al Pacino
3467,Andy Samberg
3468,Adrianne Palicki
3469,Amy Ryan
3470,Benjamin Bratt
3471,Anthony Hopkins
3472,Andie MacDowell
3473,Aaron Paul
3474,Ashley Judd
3475,Barabara Palvin
3476,Al Roker
3477,Bette Midler
3478,Bill Murray
3479,Andrew Lincoln
3480,Anna Paquin
3481,Anna Faris
3482,Alexandra Daddario
3483,Adrien Brody
3484,Adam Sandler
3485,Adriana Barraza
3486,Art Carney
3487,Andy Serkis
3488,Bette Midler
3489,Antonio Banderas
3490,Analeigh Tipton
3491,Andreea Diaconu
3492,Alec Baldwin
3493,Billy Bob Thornton
3494,Beyonce Knowles
3495,Adriana Lima
3496,Adriana Barraza
3497,Alec Baldwin
3498,Analeigh Tipton
3499,Anjelica Huston
3500,Arnold Schwarzenegger
3501,Amanda Peet
3502,Ben Johnson
3503,Alice Eve
3504,Alice Eve
3505,Amy Ryan
3506,Ben Kingsley
3507,Anjelica Huston
3508,Benjamin Bratt
3509,Ashley Greene
3510,Andreea Diaconu
3511,Amanda Seyfried
3512,Bill Rancic
3513,Anderson Cooper
3514,Alan Rickman
3515,Amy Ryan
3516,Benjamin Bratt
3517,Angela Bassett
3518,Billy Bob Thornton
3519,Ben Affleck
3520,Amy Ryan
3521,Anne Baxter
3522,Andrew Lincoln
3523,Alexandra Daddario
3524,Albert Finney
3525,Adam Sandler
3526,Andy Serkis
3527,AnnaSophia Robb
3528,Benicio Del Toro
3529,Aaron Taylor-Johnson
3530,Ashley Greene
3531,Amy Schumer
3532,Annette Bening
3533,Alex Pettyfer
3534,Benicio Del Toro
3535,Barbra Streisand
3536,Andy Serkis
3537,Amy Schumer
3538,Bill Paxton
3539,Anderson Cooper
3540,Alexis Thorpe
3541,Amanda Seyfried
3542,Audrey Tautou
3543,Amy Ryan
3544,Betty White
3545,Amy Ryan
3546,Art Carney
3547,Amy Ryan
3548,Bill Rancic
3549,Betty White
3550,Beyonce Knowles
3551,Alicia Vikander
3552,Benicio Del Toro
3553,Anna Paquin
3554,Andy Samberg
3555,Adrianne Palicki
3556,Akemi Darenogare
3557,Anna Faris
3558,Amy Ryan
3559,Albert Finney
3560,Anna Paquin
3561,Anthony Hopkins
3562,Billy Bob Thornton
3563,Annette Bening
3564,Amy Ryan
3565,Ashley Greene
3566,Betty White
3567,Ben Kingsley
3568,Amy Ryan
3569,Anne Baxter
3570,Amy Ryan
3571,Berenice Bejo
3572,Anjelica Huston
3573,Adrianne Palicki
3574,Amy Ryan
3575,Bill Rancic
3576,Amanda Peet
3577,Benicio Del Toro
3578,Bill Daley
3579,Angela Bassett
3580,Beyonce Knowles
3581,Adrianne Palicki
3582,Amy Ryan
3583,Bill Paxton
3584,Andreea Diaconu
3585,Armin Mueller-Stahl
3586,Alan Rickman
3587,Ashley Greene
3588,Barbra Streisand
3589,Aaron Paul
3590,Ashton Kutcher
3591,Amanda Seyfried
3592,Beyonce Knowles
3593,Ashton Kutcher
3594,Andy Serkis
3595,Al Pacino
3596,Andy Garcia
3597,Bill O Reilly
3598,Benjamin Bratt
3599,Adam Sandler
3600,Alessandra Ambrosio
3601,Ashley Greene
3602,Ben Johnson
3603,Amy Ryan
3604,Andy Serkis
3605,Andy Murray
3606,Benicio Del Toro
3607,Adele
3608,Anthony Hopkins
3609,Anjelica Huston
3610,Art Carney
3611,Andie MacDowell
3612,Andy Garcia
3613,Bill Hader
3614,Bette Midler
3615,Ashley Judd
3616,Beyonce Knowles
3617,Alice Eve
3618,Betty White
3619,Andrew Garfield
3620,Ben Foster
3621,Ashley Greene
3622,Amy Adams
3623,Betty White
3624,Alx James
3625,Anjelica Huston
3626,Bill Rancic
3627,Bill Rancic
3628,Alessandra Ambrosio
3629,Andie MacDowell
3630,Betty White
3631,Adele
3632,Anna Sui
3633,Art Carney
3634,Angelina Jolie
3635,Alec Baldwin
3636,Bernie Mac
3637,Barabara Palvin
3638,Anna Paquin
3639,Bill O Reilly
3640,Anna Sui
3641,Andrew Garfield
3642,Ben Stiller
3643,Anna Kendrick
3644,Amanda Peet
3645,Annette Bening
3646,Anthony Mackie
3647,Anne Hathaway
3648,Amy Ryan
3649,Bill O Reilly
3650,Andreea Diaconu
3651,Antonio Banderas
3652,Amy Ryan
3653,Analeigh Tipton
3654,Albert Brooks
3655,Anderson Cooper
3656,Antonio Banderas
3657,Alexis Thorpe
3658,Andrew Garfield
3659,Anna Friel
3660,Bill Rancic
3661,Anthony Perkins
3662,Aaron Taylor-Johnson
3663,Amy Ryan
3664,Bill Daley
3665,Albert Finney
3666,Adriana Barraza
3667,Amy Ryan
3668,Ben Affleck
3669,Amy Adams
3670,Ava Gardner
3671,Amy Ryan
3672,Ashley Greene
3673,Anna Paquin
3674,Ali Larter
3675,Angelina Jolie
3676,Amanda Seyfried
3677,Arnold Schwarzenegger
3678,Benicio Del Toro
3679,Amy Ryan
3680,Beyonce Knowles
3681,Ben Foster
3682,Ashley Greene
3683,Amy Ryan
3684,Andy Serkis
3685,Ben Johnson
3686,Amy Ryan
3687,Ben Affleck
3688,Anna Faris
3689,Adele
3690,Anne Hathaway
3691,Alice Eve
3692,Amy Ryan
3693,Beyonce Knowles
3694,Adrianne Palicki
3695,Barabara Palvin
3696,Ben Johnson
3697,Annette Bening
3698,Alexis Thorpe
3699,Amanda Seyfried
3700,Andie MacDowell
3701,Andreea Diaconu
3702,Amanda Bynes
3703,Ben Johnson
3704,Amy Schumer
3705,Anderson Cooper
3706,Ali Larter
3707,Anne Baxter
3708,Amy Ryan
3709,Aaron Paul
3710,Arnold Schwarzenegger
3711,Anderson Cooper
3712,Ben Stiller
3713,Ava Gardner
3714,Betty White
3715,Benedict Cumberbatch
3716,Ashley Graham
3717,Ashley Judd
3718,Ava Gardner
3719,Anne Hathaway
3720,Ben Kingsley
3721,Ben Johnson
3722,Andie MacDowell
3723,Alan Alda
3724,Amy Ryan
3725,Bill Daley
3726,Amy Ryan
3727,Aaron Paul
3728,Aaron Judge
3729,Amy Ryan
3730,Bella Hadid
3731,Amy Ryan
3732,Amanda Crew
3733,Anna Friel
3734,Billy Bob Thornton
3735,Amy Ryan
3736,Betty White
3737,Andreea Diaconu
3738,Anne Hathaway
3739,Adrien Brody
3740,Adele
3741,Ashley Judd
3742,Alice Eve
3743,Aaron Taylor-Johnson
3744,Amy Ryan
3745,Anderson Cooper
3746,Amber Heard
3747,Andy Murray
3748,Adele
3749,Alexander Skarsgard
3750,Alx James
3751,Anderson Cooper
3752,Amy Ryan
3753,Amy Ryan
3754,Amy Ryan
3755,Bill Pullman
3756,Amanda Seyfried
3757,Aaron Judge
3758,Ashley Judd
3759,Amanda Peet
3760,Andrew Garfield
3761,Amy Ryan
3762,Alan Alda
3763,Andy Samberg
3764,Ashley Graham
3765,Anna Paquin
3766,Alan Alda
3767,Ben Affleck
3768,Adriana Barraza
3769,Benjamin Bratt
3770,Andrew Garfield
3771,Alan Rickman
3772,Andrew Garfield
3773,Bernie Mac
3774,Ben Affleck
3775,Armin Mueller-Stahl
3776,Anna Paquin
3777,Akemi Darenogare
3778,Anna Friel
3779,Amy Ryan
3780,Adele
3781,Andreea Diaconu
3782,Alan Arkin
3783,Anne Baxter
3784,Bill Rancic
3785,Anne Bancroft
3786,Annette Bening
3787,Amy Ryan
3788,Al Roker
3789,Benjamin Bratt
3790,Alan Arkin
3791,Andy Murray
3792,Adam Sandler
3793,Adriana Lima
3794,Barry Pepper
3795,Amy Ryan
3796,Alan Rickman
3797,Andy Samberg
3798,Alan Rickman
3799,Amy Ryan
3800,Barabara Palvin
3801,Andreea Diaconu
3802,Amy Ryan
3803,Bill Daley
3804,Benjamin Bratt
3805,Bill Hader
3806,Andrew Garfield
3807,Amy Adams
3808,Adriana Lima
3809,Ashley Judd
3810,Akemi Darenogare
3811,Adriana Barraza
3812,Ben Affleck
3813,Bill O Reilly
3814,Adriana Barraza
3815,Analeigh Tipton
3816,Aaron Judge
3817,Adrianne Palicki
3818,Alec Baldwin
3819,Amy Ryan
3820,Bill Hader
3821,Aaron Judge
3822,Amanda Bynes
3823,Amy Ryan
3824,Ben Johnson
3825,Bill Rancic
3826,Barabara Palvin
3827,Akemi Darenogare
3828,Anthony Mackie
3829,Anne Hathaway
3830,Anne Baxter
3831,Amy Ryan
3832,Anna Paquin
3833,Andrew Garfield
3834,Barry Pepper
3835,Bernie Mac
3836,Antonio Banderas
3837,Alessandra Ambrosio
3838,Bette Midler
3839,Amy Ryan
3840,Ashley Judd
3841,Analeigh Tipton
3842,Amy Ryan
3843,Ben Affleck
3844,Ben Affleck
3845,Andreea Diaconu
3846,Amy Ryan
3847,Andrew Luck
3848,Audrey Hepburn
3849,Angelina Jolie
3850,Adam Sandler
3851,Amy Ryan
3852,Arnold Schwarzenegger
3853,Barabara Palvin
3854,Albert Brooks
3855,Ava Gardner
3856,Anthony Perkins
3857,Amy Ryan
3858,Amy Ryan
3859,Alexandra Daddario
3860,AnnaSophia Robb
3861,Adrianne Palicki
3862,Amy Ryan
3863,Amy Ryan
3864,Amy Ryan
3865,Bill Rancic
3866,Alec Baldwin
3867,Bill Murray
3868,Benedict Cumberbatch
3869,Annette Bening
3870,Andy Garcia
3871,Anna Sui
3872,Anderson Cooper
3873,Anna Kendrick
3874,bella thorne
3875,Al Roker
3876,Anna Sui
3877,Armin Mueller-Stahl
3878,Amy Ryan
3879,Adrianne Palicki
3880,Alan Alda
3881,Ben Foster
3882,Amy Ryan
3883,Anne Baxter
3884,Benicio Del Toro
3885,Abigail Breslin
3886,Alex Pettyfer
3887,Anne Bancroft
3888,Angelina Jolie
3889,Bill Hader
3890,Benicio Del Toro
3891,Annette Bening
3892,Amber Heard
3893,Alexis Thorpe
3894,Amanda Seyfried
3895,Al Pacino
3896,Benicio Del Toro
3897,Arnold Schwarzenegger
3898,Adrien Brody
3899,Ben Johnson
3900,Alice Eve
3901,Bill Daley
3902,Andy Murray
3903,Alessandra Ambrosio
3904,Amy Ryan
3905,Al Roker
3906,Bernie Mac
3907,Amy Ryan
3908,Alec Baldwin
3909,Amy Ryan
3910,Anthony Mackie
3911,Abigail Breslin
3912,Andie MacDowell
3913,Anna Kendrick
3914,Andy Samberg
3915,Benicio Del Toro
3916,Adriana Lima
3917,Anna Paquin
3918,Andy Murray
3919,Andrew Luck
3920,Aaron Judge
3921,Amy Ryan
3922,Andy Garcia
3923,Adam Sandler
3924,Billy Bob Thornton
3925,Alicia Vikander
3926,Al Pacino
3927,Anthony Perkins
3928,Anna Friel
3929,Alx James
3930,Adriana Barraza
3931,Amanda Bynes
3932,Alicia Vikander
3933,Alec Baldwin
3934,Andreea Diaconu
3935,Adrianne Palicki
3936,Andy Garcia
3937,Ava Gardner
3938,Amy Ryan
3939,Annette Bening
3940,Anne Baxter
3941,Amanda Bynes
3942,Benicio Del Toro
3943,Angela Bassett
3944,Benicio Del Toro
3945,Albert Brooks
3946,Alan Rickman
3947,Ben Affleck
3948,Anjelica Huston
3949,Akemi Darenogare
3950,Amy Ryan
3951,Alessandra Ambrosio
3952,Amy Ryan
3953,Ben Kingsley
3954,Art Carney
3955,Andy Murray
3956,Andy Samberg
3957,Angela Bassett
3958,Ashley Greene
3959,Abigail Breslin
3960,Audrey Hepburn
3961,Anne Baxter
3962,Anthony Hopkins
3963,Ben Johnson
3964,Akemi Darenogare
3965,Albert Finney
3966,Berenice Bejo
3967,Anna Paquin
3968,Analeigh Tipton
3969,Ali Larter
3970,Berenice Bejo
3971,Barry Pepper
3972,Andy Serkis
3973,Amy Ryan
3974,Bill Paxton
3975,Ben Stiller
3976,Anderson Cooper
3977,Alan Arkin
3978,Analeigh Tipton
3979,Antonio Banderas
3980,Ashley Greene
3981,AnnaSophia Robb
3982,Anna Friel
3983,Betty White
3984,Alexis Thorpe
3985,Anthony Mackie
3986,Anna Kendrick
3987,Alan Rickman
3988,Alx James
3989,Alice Eve
3990,Alessandra Ambrosio
3991,Bette Midler
3992,Bill Murray
3993,Adele
3994,Annette Bening
3995,Ashley Judd
3996,Adele
3997,Angela Bassett
3998,Alessandra Ambrosio
3999,Ali Larter
4000,Anne Baxter
4001,Amanda Peet
4002,Alan Alda
4003,Amy Ryan
4004,Amy Ryan
4005,Adriana Barraza
4006,Barabara Palvin
4007,Bill Murray
4008,Bill Murray
4009,Ben Affleck
4010,Akemi Darenogare
4011,Adrien Brody
4012,Bernie Mac
4013,Ava Gardner
4014,Alexandra Daddario
4015,Anthony Mackie
4016,Anna Paquin
4017,Ben Affleck
4018,Amy Ryan
4019,Aaron Judge
4020,Arnold Schwarzenegger
4021,Antonio Banderas
4022,Ashley Judd
4023,Anne Bancroft
4024,Ava Gardner
4025,Amy Ryan
4026,Anjelica Huston
4027,Andy Garcia
4028,Amanda Bynes
4029,Amy Ryan
4030,Billy Bob Thornton
4031,Anna Paquin
4032,Albert Finney
4033,Art Carney
4034,Billy Bob Thornton
4035,Bill Paxton
4036,Andrew Luck
4037,Bill Paxton
4038,Ava Gardner
4039,Amy Ryan
4040,Alexandra Daddario
4041,Amy Ryan
4042,Art Carney
4043,Anthony Mackie
4044,Anne Bancroft
4045,Art Carney
4046,Alx James
4047,Ben Johnson
4048,Bill Rancic
4049,Anne Baxter
4050,Bill Daley
4051,Adrien Brody
4052,Anthony Hopkins
4053,Anna Friel
4054,Bill Paxton
4055,Alexandra Daddario
4056,Benjamin Bratt
4057,Albert Finney
4058,Al Pacino
4059,Benjamin Bratt
4060,Bill Daley
4061,Anthony Hopkins
4062,Ashton Kutcher
4063,Ashley Greene
4064,Art Carney
4065,Barry Pepper
4066,Al Pacino
4067,Anderson Cooper
4068,Barry Pepper
4069,Amanda Peet
4070,Alec Baldwin
4071,Barry Pepper
4072,Amy Ryan
4073,Alan Arkin
4074,Andie MacDowell
4075,Amy Schumer
4076,Adriana Barraza
4077,Anna Faris
4078,Amy Ryan
4079,Angelina Jolie
4080,Ashley Judd
4081,Bernie Mac
4082,Barabara Palvin
4083,Bill Paxton
4084,Anna Kendrick
4085,Andrew Luck
4086,Barabara Palvin
4087,Andrew Garfield
4088,Anne Hathaway
4089,Anne Hathaway
4090,Barry Pepper
4091,Barabara Palvin
4092,Alexander Skarsgard
4093,Bill Pullman
4094,Albert Brooks
4095,Beyonce Knowles
4096,Ashley Graham
4097,Andy Samberg
4098,Amber Heard
4099,Bill Paxton
4100,Ben Stiller
4101,Anna Paquin
4102,Alan Arkin
4103,Anne Baxter
4104,Adrianne Palicki
4105,AnnaSophia Robb
4106,Andy Serkis
4107,Billy Bob Thornton
4108,Billy Bob Thornton
4109,Aaron Paul
4110,Alx James
4111,Ava Gardner
4112,Andy Murray
4113,Amy Ryan
4114,Adriana Lima
4115,Adrianne Palicki
4116,Analeigh Tipton
4117,Al Roker
4118,Alicia Vikander
4119,Antonio Banderas
4120,Anne Hathaway
4121,Andie MacDowell
4122,Al Pacino
4123,Betty White
4124,Adele
4125,Anthony Perkins
4126,Anjelica Huston
4127,Bill Rancic
4128,Adele
4129,Alessandra Ambrosio
4130,Aaron Judge
4131,Anthony Perkins
4132,Alec Baldwin
4133,Anne Baxter
4134,Arnold Schwarzenegger
4135,Anthony Perkins
4136,Ashton Kutcher
4137,Amanda Peet
4138,Ali Larter
4139,Andrew Lincoln
4140,Berenice Bejo
4141,Amy Ryan
4142,Amy Ryan
4143,Amy Ryan
4144,Andy Garcia
4145,Amy Ryan
4146,Barry Pepper
4147,Amanda Peet
4148,Akemi Darenogare
4149,Adrien Brody
4150,Ava Gardner
4151,Ava Gardner
4152,Andreea Diaconu
4153,Benjamin Bratt
4154,bella thorne
4155,Amy Ryan
4156,bella thorne
4157,Amber Heard
4158,Amanda Bynes
4159,Anna Sui
4160,Ashley Graham
4161,Amber Heard
4162,Anna Faris
4163,Audrey Hepburn
4164,Alice Eve
4165,Ashley Greene
4166,Ava Gardner
4167,Alx James
4168,Ben Stiller
4169,Angelina Jolie
4170,Annette Bening
4171,Bette Midler
4172,AnnaSophia Robb
4173,Ben Kingsley
4174,Ashley Judd
4175,Amy Ryan
4176,Bella Hadid
4177,Alan Rickman
4178,Barbra Streisand
4179,Barry Pepper
4180,Ashley Greene
4181,Andy Garcia
4182,Ali Larter
4183,Alexander Skarsgard
4184,Ashley Greene
4185,Bill Paxton
4186,Audrey Hepburn
4187,Barabara Palvin
4188,Alan Arkin
4189,Alexandra Daddario
4190,Amy Ryan
4191,Amy Ryan
4192,Amy Schumer
4193,Amy Ryan
4194,Anderson Cooper
4195,Alexandra Daddario
4196,Ben Affleck
4197,Andrew Lincoln
4198,Abigail Breslin
4199,Adrianne Palicki
4200,Bernie Mac
4201,Betty White
4202,Alessandra Ambrosio
4203,Alicia Vikander
4204,Amy Ryan
4205,Betty White
4206,Ashley Judd
4207,Anthony Hopkins
4208,Anna Faris
4209,Bill O Reilly
4210,Arnold Schwarzenegger
4211,Alan Alda
4212,Bill Hader
4213,Amanda Crew
4214,Adrianne Palicki
4215,Billy Bob Thornton
4216,Amy Ryan
4217,Ali Larter
4218,Barbra Streisand
4219,Angela Bassett
4220,Amy Ryan
4221,Amy Ryan
4222,Adriana Barraza
4223,Amy Ryan
4224,Billy Bob Thornton
4225,Bernie Mac
4226,Abigail Breslin
4227,Audrey Hepburn
4228,Alexandra Daddario
4229,Ashley Greene
4230,Ali Larter
4231,Ben Affleck
4232,Ben Affleck
4233,Ali Larter
4234,Amy Ryan
4235,Art Carney
4236,Andy Samberg
4237,Amy Ryan
4238,Alicia Vikander
4239,Anthony Hopkins
4240,Beyonce Knowles
4241,Amy Ryan
4242,Angelina Jolie
4243,Ashley Greene
4244,Beyonce Knowles
4245,Amanda Peet
4246,Andie MacDowell
4247,Bette Midler
4248,Ben Foster
4249,Anjelica Huston
4250,Al Roker
4251,Ben Stiller
4252,Andy Murray
4253,Bill Rancic
4254,Anna Paquin
4255,Amy Ryan
4256,Akemi Darenogare
4257,Ben Johnson
4258,Anthony Hopkins
4259,Annette Bening
4260,Amy Ryan
4261,Amy Ryan
4262,Benjamin Bratt
4263,Anthony Perkins
4264,Annette Bening
4265,Arnold Schwarzenegger
4266,Bill Daley
4267,Anjelica Huston
4268,Billy Bob Thornton
4269,Andy Garcia
4270,Audrey Tautou
4271,Amy Ryan
4272,Angela Bassett
4273,Anna Faris
4274,Barry Pepper
4275,Andy Garcia
4276,Alice Eve
4277,Bella Hadid
4278,Ashley Judd
4279,Bernie Mac
4280,Aaron Taylor-Johnson
4281,Andrew Garfield
4282,Ava Gardner
4283,Ben Kingsley
4284,Adriana Barraza
4285,Ben Affleck
4286,Alex Pettyfer
4287,Anthony Perkins
4288,Adele
4289,Anna Paquin
4290,Ben Affleck
4291,Ashton Kutcher
4292,Ben Johnson
4293,Abigail Breslin
4294,Beyonce Knowles
4295,Ben Johnson
4296,Amy Ryan
4297,Angela Bassett
4298,Audrey Tautou
4299,Anjelica Huston
4300,Audrey Hepburn
4301,Ben Affleck
4302,Andy Samberg
4303,Anne Baxter
4304,Bill Paxton
4305,Amy Ryan
4306,Audrey Tautou
4307,Ben Johnson
4308,Barabara Palvin
4309,Anthony Mackie
4310,Ashley Graham
4311,Ashton Kutcher
4312,Alex Pettyfer
4313,Anne Bancroft
4314,Barbra Streisand
4315,Al Roker
4316,Ben Kingsley
4317,Amy Ryan
4318,Amy Ryan
4319,Ben Kingsley
4320,Ben Stiller
4321,Audrey Hepburn
4322,Amy Ryan
4323,Alx James
4324,Ashley Judd
4325,Amy Ryan
4326,Ashley Greene
4327,Alexis Thorpe
4328,Andy Samberg
4329,Adam Sandler
4330,Al Roker
4331,Benjamin Bratt
4332,Ben Affleck
4333,Bernie Mac
4334,Anna Friel
4335,Anna Paquin
4336,Adam Sandler
4337,Andy Serkis
4338,Bill Daley
4339,Aaron Paul
4340,Alexis Thorpe
4341,Amber Heard
4342,Amy Ryan
4343,Angela Bassett
4344,Beyonce Knowles
4345,Andy Samberg
4346,Alan Alda
4347,Amy Ryan
4348,Amy Ryan
4349,Alex Pettyfer
4350,Amy Ryan
4351,Betty White
4352,Benjamin Bratt
4353,Bill Rancic
4354,Amy Ryan
4355,Bill Hader
4356,Beyonce Knowles
4357,Ben Stiller
4358,Ava Gardner
4359,Adrien Brody
4360,Ben Stiller
4361,Alexandra Daddario
4362,Amy Ryan
4363,Angelina Jolie
4364,Amanda Crew
4365,Amy Ryan
4366,Andy Murray
4367,Beyonce Knowles
4368,Berenice Bejo
4369,Anjelica Huston
4370,Bill Rancic
4371,Ashley Greene
4372,Bill Hader
4373,Amanda Bynes
4374,Amy Ryan
4375,Bill Rancic
4376,Barry Pepper
4377,AnnaSophia Robb
4378,Amy Schumer
4379,Angelina Jolie
4380,Alx James
4381,Ashley Greene
4382,Anthony Perkins
4383,Ashley Graham
4384,Beyonce Knowles
4385,Amy Ryan
4386,Amy Ryan
4387,Ashley Judd
4388,Adrien Brody
4389,Bill Hader
4390,Amy Ryan
4391,Amy Ryan
4392,Adrianne Palicki
4393,Andrew Lincoln
4394,Abigail Breslin
4395,Anthony Hopkins
4396,Aaron Paul
4397,Amy Ryan
4398,Amy Ryan
4399,Adrianne Palicki
4400,Andrew Garfield
4401,Bette Midler
4402,Angelina Jolie
4403,Amanda Peet
4404,Betty White
4405,Amy Ryan
4406,Andie MacDowell
4407,Amy Ryan
4408,Armin Mueller-Stahl
4409,Andrew Luck
4410,Amber Heard
4411,Amy Ryan
4412,Andy Murray
4413,Analeigh Tipton
4414,Barbra Streisand
4415,Amy Ryan
4416,Amy Schumer
4417,Ali Larter
4418,Andie MacDowell
4419,Adam Sandler
4420,Alex Pettyfer
4421,Ben Kingsley
4422,Bill Hader
4423,Ben Kingsley
4424,Amanda Peet
4425,Adrien Brody
4426,Amanda Bynes
4427,Andreea Diaconu
4428,Andreea Diaconu
4429,Andrew Garfield
4430,Albert Finney
4431,Andy Murray
4432,Al Roker
4433,Anthony Perkins
4434,Bill O Reilly
4435,Beyonce Knowles
4436,Amy Ryan
4437,Amy Ryan
4438,Billy Bob Thornton
4439,Anne Hathaway
4440,Berenice Bejo
4441,Ashley Greene
4442,Berenice Bejo
4443,Anne Bancroft
4444,Akemi Darenogare
4445,Bill O Reilly
4446,Anthony Hopkins
4447,Adrianne Palicki
4448,Ben Affleck
4449,Audrey Hepburn
4450,Benicio Del Toro
4451,Bill Paxton
4452,Alan Rickman
4453,Abigail Breslin
4454,Ashley Judd
4455,Anna Paquin
4456,Ben Affleck
4457,Berenice Bejo
4458,Adriana Lima
4459,Bette Midler
4460,Ashley Judd
4461,Amy Ryan
4462,Ben Johnson
4463,Ava Gardner
4464,Benedict Cumberbatch
4465,Anne Baxter
4466,Andrew Garfield
4467,Amanda Bynes
4468,Amy Ryan
4469,Anthony Mackie
4470,Amy Ryan
4471,Al Pacino
4472,Annette Bening
4473,Ashley Graham
4474,Bill Rancic
4475,Amy Ryan
4476,Andy Samberg
4477,Al Roker
4478,Ben Affleck
4479,Bill Pullman
4480,Anne Baxter
4481,Amy Ryan
4482,Andy Samberg
4483,Alan Rickman
4484,Amy Ryan
4485,Barabara Palvin
4486,Andrew Lincoln
4487,Ashley Greene
4488,Andrew Lincoln
4489,Amanda Bynes
4490,Albert Finney
4491,Amy Ryan
4492,Andy Samberg
4493,Ashley Graham
4494,Anjelica Huston
4495,Bill Hader
4496,Albert Finney
4497,Ali Larter
4498,Adele
4499,Adele
4500,Bill Hader
4501,Abigail Breslin
4502,Al Pacino
4503,Ben Kingsley
4504,Anjelica Huston
4505,Anne Hathaway
4506,Anna Faris
4507,Amy Ryan
4508,Bill Daley
4509,Ali Larter
4510,Alicia Vikander
4511,Audrey Hepburn
4512,Anderson Cooper
4513,Benjamin Bratt
4514,Ali Larter
4515,Barabara Palvin
4516,Andy Garcia
4517,Albert Brooks
4518,Andie MacDowell
4519,Angela Bassett
4520,Ashley Judd
4521,Ashton Kutcher
4522,Ben Johnson
4523,Ben Foster
4524,Ashley Greene
4525,Adele
4526,Albert Finney
4527,Bella Hadid
4528,Amanda Peet
4529,Andy Garcia
4530,Adrien Brody
4531,Amanda Peet
4532,Beyonce Knowles
4533,Aaron Taylor-Johnson
4534,Aaron Taylor-Johnson
4535,Amy Ryan
4536,Andrew Luck
4537,Ben Affleck
4538,Alexandra Daddario
4539,Anthony Mackie
4540,AnnaSophia Robb
4541,Amy Ryan
4542,Ashley Judd
4543,Amy Ryan
4544,Ashley Graham
4545,Alan Alda
4546,Bette Midler
4547,Amanda Seyfried
4548,Andy Samberg
4549,bella thorne
4550,Audrey Tautou
4551,Amanda Seyfried
4552,Amanda Peet
4553,Barry Pepper
4554,Beyonce Knowles
4555,Alec Baldwin
4556,Audrey Hepburn
4557,Bernie Mac
4558,Andrew Lincoln
4559,Bella Hadid
4560,Ashley Greene
4561,Barabara Palvin
4562,Amanda Bynes
4563,Amy Schumer
4564,Amy Ryan
4565,Anjelica Huston
4566,Barabara Palvin
4567,Ashley Graham
4568,Albert Finney
4569,Ali Larter
4570,Amy Ryan
4571,Anna Friel
4572,Alex Pettyfer
4573,Bernie Mac
4574,Andy Serkis
4575,Andie MacDowell
4576,Analeigh Tipton
4577,Art Carney
4578,Ashton Kutcher
4579,Ashley Graham
4580,Angelina Jolie
4581,Ashley Greene
4582,Barbra Streisand
4583,Berenice Bejo
4584,Anna Paquin
4585,Amy Adams
4586,Ashley Graham
4587,Andy Serkis
4588,Bill Rancic
4589,Ava Gardner
4590,Andy Murray
4591,Ben Johnson
4592,Alec Baldwin
4593,Amy Ryan
4594,Amanda Seyfried
4595,Betty White
4596,Alx James
4597,Adele
4598,Amy Ryan
4599,Amy Ryan
4600,Alx James
4601,Aaron Paul
4602,Anjelica Huston
4603,AnnaSophia Robb
4604,Amy Ryan
4605,Adrien Brody
4606,Amanda Seyfried
4607,Amy Adams
4608,Anjelica Huston
4609,Adriana Barraza
4610,Amy Ryan
4611,Bill Daley
4612,Alicia Vikander
4613,Angela Bassett
4614,Benedict Cumberbatch
4615,Betty White
4616,Adrien Brody
4617,Ali Larter
4618,Anjelica Huston
4619,Betty White
4620,Amy Ryan
4621,Al Roker
4622,Annette Bening
4623,Andy Samberg
4624,Audrey Tautou
4625,Andreea Diaconu
4626,Audrey Tautou
4627,Adriana Lima
4628,Angelina Jolie
4629,Anthony Hopkins
4630,Bill Pullman
4631,Amy Ryan
4632,Audrey Hepburn
4633,Anna Paquin
4634,Anjelica Huston
4635,Anna Faris
4636,Alexander Skarsgard
4637,Adriana Barraza
4638,Ben Foster
4639,Anne Hathaway
4640,Aaron Judge
4641,Alan Rickman
4642,Audrey Tautou
4643,Aaron Taylor-Johnson
4644,Bill Daley
4645,Ali Larter
4646,Betty White
4647,Antonio Banderas
4648,Amy Ryan
4649,Ashley Greene
4650,Bill Daley
4651,Anna Sui
4652,Anna Paquin
4653,Barabara Palvin
4654,Anthony Hopkins
4655,Annette Bening
4656,Amy Ryan
4657,Ashley Greene
4658,Ben Kingsley
4659,Amanda Peet
4660,Alexander Skarsgard
4661,Andie MacDowell
4662,Adrien Brody
4663,Adele
4664,Anne Bancroft
4665,Andy Samberg
4666,Barry Pepper
4667,Ashton Kutcher
4668,Ben Johnson
4669,Alan Rickman
4670,Alexis Thorpe
4671,Amy Ryan
4672,Ben Foster
4673,Adrianne Palicki
4674,Ben Affleck
4675,Bill Daley
4676,Albert Brooks
4677,Amanda Peet
4678,Beyonce Knowles
4679,Amanda Peet
4680,Amy Ryan
4681,Andreea Diaconu
4682,Amanda Seyfried
4683,Adriana Lima
4684,Amy Ryan
4685,Andy Murray
4686,Alicia Vikander
4687,Bella Hadid
4688,Barry Pepper
4689,Barry Pepper
4690,Adrianne Palicki
4691,Amanda Peet
4692,Amy Ryan
4693,Anthony Hopkins
4694,Andrew Lincoln
4695,Adele
4696,Alan Rickman
4697,Amy Ryan
4698,Bill Daley
4699,Amanda Crew
4700,Bill Murray
4701,Amanda Peet
4702,Amanda Crew
4703,Anthony Perkins
4704,Audrey Hepburn
4705,bella thorne
4706,Amy Ryan
4707,Al Pacino
4708,Amy Ryan
4709,Amy Ryan
4710,Anna Kendrick
4711,Abigail Breslin
4712,Amy Ryan
4713,Amy Ryan
4714,AnnaSophia Robb
4715,Analeigh Tipton
4716,Betty White
4717,Alessandra Ambrosio
4718,Alan Rickman
4719,Anna Sui
4720,Betty White
4721,Ava Gardner
4722,Bill Rancic
4723,Bill Daley
4724,Berenice Bejo
4725,Analeigh Tipton
4726,Albert Brooks
4727,Bill O Reilly
4728,Armin Mueller-Stahl
4729,Ben Johnson
4730,Benedict Cumberbatch
4731,Berenice Bejo
4732,AnnaSophia Robb
4733,Anna Friel
4734,Barry Pepper
4735,Ava Gardner
4736,Ben Affleck
4737,Angelina Jolie
4738,Alessandra Ambrosio
4739,Analeigh Tipton
4740,Al Roker
4741,Billy Bob Thornton
4742,Alan Arkin
4743,Ashton Kutcher
4744,Amy Adams
4745,Amy Ryan
4746,Bernie Mac
4747,Amanda Seyfried
4748,Andrew Lincoln
4749,Andy Murray
4750,Beyonce Knowles
4751,Bernie Mac
4752,Ben Foster
4753,Anna Kendrick
4754,Alx James
4755,Adrien Brody
4756,Bill Paxton
4757,Art Carney
4758,Anne Baxter
4759,AnnaSophia Robb
4760,Alex Pettyfer
4761,Barbra Streisand
4762,Amy Ryan
4763,Andreea Diaconu
4764,Abigail Breslin
4765,Berenice Bejo
4766,Ben Stiller
4767,Ashton Kutcher
4768,Amy Ryan
4769,Amy Ryan
4770,Adrien Brody
4771,Adrien Brody
4772,Adrien Brody
4773,Andy Murray
4774,Al Roker
4775,Arnold Schwarzenegger
4776,Amy Ryan
4777,Anthony Perkins
4778,Amy Ryan
4779,Ben Affleck
4780,Anna Kendrick
4781,Ava Gardner
4782,Adriana Barraza
4783,Alx James
4784,Ben Foster
4785,Ali Larter
4786,Alicia Vikander
4787,Amy Ryan
4788,Alan Rickman
4789,Amber Heard
4790,Amy Ryan
4791,Ashley Graham
4792,Alicia Vikander
4793,Barry Pepper
4794,Ashley Greene
4795,Alexander Skarsgard
4796,Benedict Cumberbatch
4797,Aaron Judge
4798,Amy Ryan
4799,Ashley Graham
4800,Andie MacDowell
4801,Amy Ryan
4802,Beyonce Knowles
4803,Ava Gardner
4804,Anna Friel
4805,Berenice Bejo
4806,Ashley Greene
4807,Alan Arkin
4808,Ashley Greene
4809,Audrey Tautou
4810,Andy Murray
4811,Anna Faris
4812,Bill Hader
4813,Anne Baxter
4814,Anna Paquin
4815,Angela Bassett
4816,Ashley Greene
4817,Amy Ryan
4818,Andy Samberg
4819,Anthony Hopkins
4820,Anna Paquin
4821,Anna Friel
4822,Alice Eve
4823,Andy Murray
4824,Amy Ryan
4825,bella thorne
4826,Amy Ryan
4827,Amy Ryan
4828,Angela Bassett
4829,Albert Brooks
4830,Albert Finney
4831,Adam Sandler
4832,Alexandra Daddario
4833,bella thorne
4834,Anna Kendrick
4835,Ashley Judd
4836,Akemi Darenogare
4837,Barbra Streisand
4838,Adrien Brody
4839,Alessandra Ambrosio
4840,Aaron Paul
4841,Anne Baxter
4842,Bill Pullman
4843,Beyonce Knowles
4844,Abigail Breslin
4845,Amy Ryan
4846,Anna Friel
4847,Amy Ryan
4848,Amy Ryan
4849,Alx James
4850,Alessandra Ambrosio
4851,Armin Mueller-Stahl
4852,Amy Ryan
4853,Alan Rickman
4854,Amy Ryan
4855,Amy Ryan
4856,Alexandra Daddario
4857,Bernie Mac
4858,Amy Adams
4859,Ava Gardner
4860,Andrew Garfield
4861,Ben Foster
4862,Amy Ryan
4863,Barbra Streisand
4864,Amanda Peet
4865,Bill Paxton
4866,Anna Paquin
4867,Andie MacDowell
4868,Anna Sui
4869,Anne Baxter
4870,Bill Murray
4871,Arnold Schwarzenegger
4872,Berenice Bejo
4873,Alicia Vikander
4874,Adele
4875,Alicia Vikander
4876,Adriana Lima
4877,Adriana Lima
4878,Bella Hadid
4879,Amy Ryan
4880,Alessandra Ambrosio
4881,Ben Affleck
4882,Alan Alda
4883,Benedict Cumberbatch
4884,Amy Adams
4885,Andrew Lincoln
4886,Andrew Garfield
4887,Alexis Thorpe
4888,Amy Ryan
4889,Alessandra Ambrosio
4890,Amy Ryan
4891,Ben Johnson
4892,Amy Ryan
4893,Andy Garcia
4894,Anna Paquin
4895,Amy Ryan
4896,Amanda Bynes
4897,Amy Ryan
4898,Adriana Barraza
4899,Anthony Mackie
4900,Aaron Paul
4901,Audrey Hepburn
4902,Alessandra Ambrosio
4903,Anna Sui
4904,Bill O Reilly
4905,Beyonce Knowles
4906,Bill Rancic
4907,Adrien Brody
4908,Amy Ryan
4909,Barabara Palvin
4910,Audrey Hepburn
4911,Andrew Luck
4912,Amy Ryan
4913,Ashley Greene
4914,Ben Affleck
4915,Benicio Del Toro
4916,Amy Schumer
4917,Beyonce Knowles
4918,Ben Johnson
4919,Amanda Peet
4920,Betty White
4921,Amy Ryan
4922,Amy Ryan
4923,Amy Ryan
4924,Amy Ryan
4925,Ava Gardner
4926,Ben Affleck
4927,Audrey Hepburn
4928,Bill O Reilly
4929,Ben Stiller
4930,Ashton Kutcher
4931,Anna Sui
4932,Amanda Peet
4933,Angela Bassett
4934,Beyonce Knowles
4935,Amanda Peet
4936,Andy Serkis
4937,Amy Ryan
4938,Amy Ryan
4939,Al Roker
4940,Annette Bening
4941,Amanda Peet
4942,Akemi Darenogare
4943,Ashley Graham
4944,Billy Bob Thornton
4945,Ashley Judd
4946,Amy Ryan
4947,Aaron Paul
4948,Ben Johnson
4949,Beyonce Knowles
4950,Barry Pepper
4951,Amy Ryan
4952,Anna Faris
4953,Albert Brooks
4954,Anjelica Huston
4955,Albert Finney
4956,Anna Kendrick
4957,Andrew Lincoln
4958,Anthony Perkins
4959,Amanda Bynes
4960,Anjelica Huston
4961,Ben Johnson
4962,Billy Bob Thornton
4963,Amy Ryan
4964,Anne Bancroft
4965,Benjamin Bratt
4966,Andrew Lincoln
4967,Art Carney
4968,Ben Johnson
4969,Amy Ryan
4970,Anne Hathaway
4971,Amy Ryan
4972,Amy Ryan
4973,Anna Faris
4974,Bill Hader
4975,Amanda Crew
4976,Anna Faris
