Id,Category
0,Amy Ryan
1,Amy Ryan
2,Amy Ryan
3,Amy Ryan
4,Amy Ryan
5,Amy Ryan
6,Amy Ryan
7,Amy Ryan
8,Amy Ryan
9,Amy Ryan
10,Amy Ryan
11,Amy Ryan
12,Amy Ryan
13,Amy Ryan
14,Amy Ryan
15,Amy Ryan
16,Amy Ryan
17,Amy Ryan
18,Amy Ryan
19,Amy Ryan
20,Amy Ryan
21,Amy Ryan
22,Amy Ryan
23,Amy Ryan
24,Amy Ryan
25,Amy Ryan
26,Amy Ryan
27,Amy Ryan
28,Amy Ryan
29,Amy Ryan
30,Amy Ryan
31,Amy Ryan
32,Amy Ryan
33,Amy Ryan
34,Amy Ryan
35,Amy Ryan
36,Amy Ryan
37,Amy Ryan
38,Amy Ryan
39,Amy Ryan
40,Amy Ryan
41,Amy Ryan
42,Amy Ryan
43,Amy Ryan
44,Amy Ryan
45,Amy Ryan
46,Amy Ryan
47,Amy Ryan
48,Amy Ryan
49,Amy Ryan
50,Amy Ryan
51,Amy Ryan
52,Amy Ryan
53,Amy Ryan
54,Amy Ryan
55,Amy Ryan
56,Amy Ryan
57,Amy Ryan
58,Amy Ryan
59,Amy Ryan
60,Amy Ryan
61,Amy Ryan
62,Amy Ryan
63,Amy Ryan
64,Amy Ryan
65,Amy Ryan
66,Amy Ryan
67,Amy Ryan
68,Amy Ryan
69,Amy Ryan
70,Amy Ryan
71,Amy Ryan
72,Amy Ryan
73,Amy Ryan
74,Amy Ryan
75,Amy Ryan
76,Amy Ryan
77,Amy Ryan
78,Amy Ryan
79,Amy Ryan
80,Amy Ryan
81,Amy Ryan
82,Amy Ryan
83,Amy Ryan
84,Amy Ryan
85,Amy Ryan
86,Amy Ryan
87,Amy Ryan
88,Amy Ryan
89,Amy Ryan
90,Amy Ryan
91,Amy Ryan
92,Amy Ryan
93,Amy Ryan
94,Amy Ryan
95,Amy Ryan
96,Amy Ryan
97,Amy Ryan
98,Amy Ryan
99,Amy Ryan
100,Amy Ryan
101,Amy Ryan
102,Amy Ryan
103,Amy Ryan
104,Amy Ryan
105,Amy Ryan
106,Amy Ryan
107,Amy Ryan
108,Amy Ryan
109,Amy Ryan
110,Amy Ryan
111,Amy Ryan
112,Amy Ryan
113,Amy Ryan
114,Amy Ryan
115,Amy Ryan
116,Amy Ryan
117,Amy Ryan
118,Amy Ryan
119,Amy Ryan
120,Amy Ryan
121,Amy Ryan
122,Amy Ryan
123,Amy Ryan
124,Amy Ryan
125,Amy Ryan
126,Amy Ryan
127,Amy Ryan
128,Amy Ryan
129,Amy Ryan
130,Amy Ryan
131,Amy Ryan
132,Amy Ryan
133,Amy Ryan
134,Amy Ryan
135,Amy Ryan
136,Amy Ryan
137,Amy Ryan
138,Amy Ryan
139,Amy Ryan
140,Amy Ryan
141,Amy Ryan
142,Amy Ryan
143,Amy Ryan
144,Amy Ryan
145,Amy Ryan
146,Amy Ryan
147,Amy Ryan
148,Amy Ryan
149,Amy Ryan
150,Amy Ryan
151,Amy Ryan
152,Amy Ryan
153,Amy Ryan
154,Amy Ryan
155,Amy Ryan
156,Amy Ryan
157,Amy Ryan
158,Amy Ryan
159,Amy Ryan
160,Amy Ryan
161,Amy Ryan
162,Amy Ryan
163,Amy Ryan
164,Amy Ryan
165,Amy Ryan
166,Amy Ryan
167,Amy Ryan
168,Amy Ryan
169,Amy Ryan
170,Amy Ryan
171,Amy Ryan
172,Amy Ryan
173,Amy Ryan
174,Amy Ryan
175,Amy Ryan
176,Amy Ryan
177,Amy Ryan
178,Amy Ryan
179,Amy Ryan
180,Amy Ryan
181,Amy Ryan
182,Amy Ryan
183,Amy Ryan
184,Amy Ryan
185,Amy Ryan
186,Amy Ryan
187,Amy Ryan
188,Amy Ryan
189,Amy Ryan
190,Amy Ryan
191,Amy Ryan
192,Amy Ryan
193,Amy Ryan
194,Amy Ryan
195,Amy Ryan
196,Amy Ryan
197,Amy Ryan
198,Amy Ryan
199,Amy Ryan
200,Amy Ryan
201,Amy Ryan
202,Amy Ryan
203,Amy Ryan
204,Amy Ryan
205,Amy Ryan
206,Amy Ryan
207,Amy Ryan
208,Amy Ryan
209,Amy Ryan
210,Amy Ryan
211,Amy Ryan
212,Amy Ryan
213,Amy Ryan
214,Amy Ryan
215,Amy Ryan
216,Amy Ryan
217,Amy Ryan
218,Amy Ryan
219,Amy Ryan
220,Amy Ryan
221,Amy Ryan
222,Amy Ryan
223,Amy Ryan
224,Amy Ryan
225,Amy Ryan
226,Amy Ryan
227,Amy Ryan
228,Amy Ryan
229,Amy Ryan
230,Amy Ryan
231,Amy Ryan
232,Amy Ryan
233,Amy Ryan
234,Amy Ryan
235,Amy Ryan
236,Amy Ryan
237,Amy Ryan
238,Amy Ryan
239,Amy Ryan
240,Amy Ryan
241,Amy Ryan
242,Amy Ryan
243,Amy Ryan
244,Amy Ryan
245,Amy Ryan
246,Amy Ryan
247,Amy Ryan
248,Amy Ryan
249,Amy Ryan
250,Amy Ryan
251,Amy Ryan
252,Amy Ryan
253,Amy Ryan
254,Amy Ryan
255,Amy Ryan
256,Amy Ryan
257,Amy Ryan
258,Amy Ryan
259,Amy Ryan
260,Amy Ryan
261,Amy Ryan
262,Amy Ryan
263,Amy Ryan
264,Amy Ryan
265,Amy Ryan
266,Amy Ryan
267,Amy Ryan
268,Amy Ryan
269,Amy Ryan
270,Amy Ryan
271,Amy Ryan
272,Amy Ryan
273,Amy Ryan
274,Amy Ryan
275,Amy Ryan
276,Amy Ryan
277,Amy Ryan
278,Amy Ryan
279,Amy Ryan
280,Amy Ryan
281,Amy Ryan
282,Amy Ryan
283,Amy Ryan
284,Amy Ryan
285,Amy Ryan
286,Amy Ryan
287,Amy Ryan
288,Amy Ryan
289,Amy Ryan
290,Amy Ryan
291,Amy Ryan
292,Amy Ryan
293,Amy Ryan
294,Amy Ryan
295,Amy Ryan
296,Amy Ryan
297,Amy Ryan
298,Amy Ryan
299,Amy Ryan
300,Amy Ryan
301,Amy Ryan
302,Amy Ryan
303,Amy Ryan
304,Amy Ryan
305,Amy Ryan
306,Amy Ryan
307,Amy Ryan
308,Amy Ryan
309,Amy Ryan
310,Amy Ryan
311,Amy Ryan
312,Amy Ryan
313,Amy Ryan
314,Amy Ryan
315,Amy Ryan
316,Amy Ryan
317,Amy Ryan
318,Amy Ryan
319,Amy Ryan
320,Amy Ryan
321,Amy Ryan
322,Amy Ryan
323,Amy Ryan
324,Amy Ryan
325,Amy Ryan
326,Amy Ryan
327,Amy Ryan
328,Amy Ryan
329,Amy Ryan
330,Amy Ryan
331,Amy Ryan
332,Amy Ryan
333,Amy Ryan
334,Amy Ryan
335,Amy Ryan
336,Amy Ryan
337,Amy Ryan
338,Amy Ryan
339,Amy Ryan
340,Amy Ryan
341,Amy Ryan
342,Amy Ryan
343,Amy Ryan
344,Amy Ryan
345,Amy Ryan
346,Amy Ryan
347,Amy Ryan
348,Amy Ryan
349,Amy Ryan
350,Amy Ryan
351,Amy Ryan
352,Amy Ryan
353,Amy Ryan
354,Amy Ryan
355,Amy Ryan
356,Amy Ryan
357,Amy Ryan
358,Amy Ryan
359,Amy Ryan
360,Amy Ryan
361,Amy Ryan
362,Amy Ryan
363,Amy Ryan
364,Amy Ryan
365,Amy Ryan
366,Amy Ryan
367,Amy Ryan
368,Amy Ryan
369,Amy Ryan
370,Amy Ryan
371,Amy Ryan
372,Amy Ryan
373,Amy Ryan
374,Amy Ryan
375,Amy Ryan
376,Amy Ryan
377,Amy Ryan
378,Amy Ryan
379,Amy Ryan
380,Amy Ryan
381,Amy Ryan
382,Amy Ryan
383,Amy Ryan
384,Amy Ryan
385,Amy Ryan
386,Amy Ryan
387,Amy Ryan
388,Amy Ryan
389,Amy Ryan
390,Amy Ryan
391,Amy Ryan
392,Amy Ryan
393,Amy Ryan
394,Amy Ryan
395,Amy Ryan
396,Amy Ryan
397,Amy Ryan
398,Amy Ryan
399,Amy Ryan
400,Amy Ryan
401,Amy Ryan
402,Amy Ryan
403,Amy Ryan
404,Amy Ryan
405,Amy Ryan
406,Amy Ryan
407,Amy Ryan
408,Amy Ryan
409,Amy Ryan
410,Amy Ryan
411,Amy Ryan
412,Amy Ryan
413,Amy Ryan
414,Amy Ryan
415,Amy Ryan
416,Amy Ryan
417,Amy Ryan
418,Amy Ryan
419,Amy Ryan
420,Amy Ryan
421,Amy Ryan
422,Amy Ryan
423,Amy Ryan
424,Amy Ryan
425,Amy Ryan
426,Amy Ryan
427,Amy Ryan
428,Amy Ryan
429,Amy Ryan
430,Amy Ryan
431,Amy Ryan
432,Amy Ryan
433,Amy Ryan
434,Amy Ryan
435,Amy Ryan
436,Amy Ryan
437,Amy Ryan
438,Amy Ryan
439,Amy Ryan
440,Amy Ryan
441,Amy Ryan
442,Amy Ryan
443,Amy Ryan
444,Amy Ryan
445,Amy Ryan
446,Amy Ryan
447,Amy Ryan
448,Amy Ryan
449,Amy Ryan
450,Amy Ryan
451,Amy Ryan
452,Amy Ryan
453,Amy Ryan
454,Amy Ryan
455,Amy Ryan
456,Amy Ryan
457,Amy Ryan
458,Amy Ryan
459,Amy Ryan
460,Amy Ryan
461,Amy Ryan
462,Amy Ryan
463,Amy Ryan
464,Amy Ryan
465,Amy Ryan
466,Amy Ryan
467,Amy Ryan
468,Amy Ryan
469,Amy Ryan
470,Amy Ryan
471,Amy Ryan
472,Amy Ryan
473,Amy Ryan
474,Amy Ryan
475,Amy Ryan
476,Amy Ryan
477,Amy Ryan
478,Amy Ryan
479,Amy Ryan
480,Amy Ryan
481,Amy Ryan
482,Amy Ryan
483,Amy Ryan
484,Amy Ryan
485,Amy Ryan
486,Amy Ryan
487,Amy Ryan
488,Amy Ryan
489,Amy Ryan
490,Amy Ryan
491,Amy Ryan
492,Amy Ryan
493,Amy Ryan
494,Amy Ryan
495,Amy Ryan
496,Amy Ryan
497,Amy Ryan
498,Amy Ryan
499,Amy Ryan
500,Amy Ryan
501,Amy Ryan
502,Amy Ryan
503,Amy Ryan
504,Amy Ryan
505,Amy Ryan
506,Amy Ryan
507,Amy Ryan
508,Amy Ryan
509,Amy Ryan
510,Amy Ryan
511,Amy Ryan
512,Amy Ryan
513,Amy Ryan
514,Amy Ryan
515,Amy Ryan
516,Amy Ryan
517,Amy Ryan
518,Amy Ryan
519,Amy Ryan
520,Amy Ryan
521,Amy Ryan
522,Amy Ryan
523,Amy Ryan
524,Amy Ryan
525,Amy Ryan
526,Amy Ryan
527,Amy Ryan
528,Amy Ryan
529,Amy Ryan
530,Amy Ryan
531,Amy Ryan
532,Amy Ryan
533,Amy Ryan
534,Amy Ryan
535,Amy Ryan
536,Amy Ryan
537,Amy Ryan
538,Amy Ryan
539,Amy Ryan
540,Amy Ryan
541,Amy Ryan
542,Amy Ryan
543,Amy Ryan
544,Amy Ryan
545,Amy Ryan
546,Amy Ryan
547,Amy Ryan
548,Amy Ryan
549,Amy Ryan
550,Amy Ryan
551,Amy Ryan
552,Amy Ryan
553,Amy Ryan
554,Amy Ryan
555,Amy Ryan
556,Amy Ryan
557,Amy Ryan
558,Amy Ryan
559,Amy Ryan
560,Amy Ryan
561,Amy Ryan
562,Amy Ryan
563,Amy Ryan
564,Amy Ryan
565,Amy Ryan
566,Amy Ryan
567,Amy Ryan
568,Amy Ryan
569,Amy Ryan
570,Amy Ryan
571,Amy Ryan
572,Amy Ryan
573,Amy Ryan
574,Amy Ryan
575,Amy Ryan
576,Amy Ryan
577,Amy Ryan
578,Amy Ryan
579,Amy Ryan
580,Amy Ryan
581,Amy Ryan
582,Amy Ryan
583,Amy Ryan
584,Amy Ryan
585,Amy Ryan
586,Amy Ryan
587,Amy Ryan
588,Amy Ryan
589,Amy Ryan
590,Amy Ryan
591,Amy Ryan
592,Amy Ryan
593,Amy Ryan
594,Amy Ryan
595,Amy Ryan
596,Amy Ryan
597,Amy Ryan
598,Amy Ryan
599,Amy Ryan
600,Amy Ryan
601,Amy Ryan
602,Amy Ryan
603,Amy Ryan
604,Amy Ryan
605,Amy Ryan
606,Amy Ryan
607,Amy Ryan
608,Amy Ryan
609,Amy Ryan
610,Amy Ryan
611,Amy Ryan
612,Amy Ryan
613,Amy Ryan
614,Amy Ryan
615,Amy Ryan
616,Amy Ryan
617,Amy Ryan
618,Amy Ryan
619,Amy Ryan
620,Amy Ryan
621,Amy Ryan
622,Amy Ryan
623,Amy Ryan
624,Amy Ryan
625,Amy Ryan
626,Amy Ryan
627,Amy Ryan
628,Amy Ryan
629,Amy Ryan
630,Amy Ryan
631,Amy Ryan
632,Amy Ryan
633,Amy Ryan
634,Amy Ryan
635,Amy Ryan
636,Amy Ryan
637,Amy Ryan
638,Amy Ryan
639,Amy Ryan
640,Amy Ryan
641,Amy Ryan
642,Amy Ryan
643,Amy Ryan
644,Amy Ryan
645,Amy Ryan
646,Amy Ryan
647,Amy Ryan
648,Amy Ryan
649,Amy Ryan
650,Amy Ryan
651,Amy Ryan
652,Amy Ryan
653,Amy Ryan
654,Amy Ryan
655,Amy Ryan
656,Amy Ryan
657,Amy Ryan
658,Amy Ryan
659,Amy Ryan
660,Amy Ryan
661,Amy Ryan
662,Amy Ryan
663,Amy Ryan
664,Amy Ryan
665,Amy Ryan
666,Amy Ryan
667,Amy Ryan
668,Amy Ryan
669,Amy Ryan
670,Amy Ryan
671,Amy Ryan
672,Amy Ryan
673,Amy Ryan
674,Amy Ryan
675,Amy Ryan
676,Amy Ryan
677,Amy Ryan
678,Amy Ryan
679,Amy Ryan
680,Amy Ryan
681,Amy Ryan
682,Amy Ryan
683,Amy Ryan
684,Amy Ryan
685,Amy Ryan
686,Amy Ryan
687,Amy Ryan
688,Amy Ryan
689,Amy Ryan
690,Amy Ryan
691,Amy Ryan
692,Amy Ryan
693,Amy Ryan
694,Amy Ryan
695,Amy Ryan
696,Amy Ryan
697,Amy Ryan
698,Amy Ryan
699,Amy Ryan
700,Amy Ryan
701,Amy Ryan
702,Amy Ryan
703,Amy Ryan
704,Amy Ryan
705,Amy Ryan
706,Amy Ryan
707,Amy Ryan
708,Amy Ryan
709,Amy Ryan
710,Amy Ryan
711,Amy Ryan
712,Amy Ryan
713,Amy Ryan
714,Amy Ryan
715,Amy Ryan
716,Amy Ryan
717,Amy Ryan
718,Amy Ryan
719,Amy Ryan
720,Amy Ryan
721,Amy Ryan
722,Amy Ryan
723,Amy Ryan
724,Amy Ryan
725,Amy Ryan
726,Amy Ryan
727,Amy Ryan
728,Amy Ryan
729,Amy Ryan
730,Amy Ryan
731,Amy Ryan
732,Amy Ryan
733,Amy Ryan
734,Amy Ryan
735,Amy Ryan
736,Amy Ryan
737,Amy Ryan
738,Amy Ryan
739,Amy Ryan
740,Amy Ryan
741,Amy Ryan
742,Amy Ryan
743,Amy Ryan
744,Amy Ryan
745,Amy Ryan
746,Amy Ryan
747,Amy Ryan
748,Amy Ryan
749,Amy Ryan
750,Amy Ryan
751,Amy Ryan
752,Amy Ryan
753,Amy Ryan
754,Amy Ryan
755,Amy Ryan
756,Amy Ryan
757,Amy Ryan
758,Amy Ryan
759,Amy Ryan
760,Amy Ryan
761,Amy Ryan
762,Amy Ryan
763,Amy Ryan
764,Amy Ryan
765,Amy Ryan
766,Amy Ryan
767,Amy Ryan
768,Amy Ryan
769,Amy Ryan
770,Amy Ryan
771,Amy Ryan
772,Amy Ryan
773,Amy Ryan
774,Amy Ryan
775,Amy Ryan
776,Amy Ryan
777,Amy Ryan
778,Amy Ryan
779,Amy Ryan
780,Amy Ryan
781,Amy Ryan
782,Amy Ryan
783,Amy Ryan
784,Amy Ryan
785,Amy Ryan
786,Amy Ryan
787,Amy Ryan
788,Amy Ryan
789,Amy Ryan
790,Amy Ryan
791,Amy Ryan
792,Amy Ryan
793,Amy Ryan
794,Amy Ryan
795,Amy Ryan
796,Amy Ryan
797,Amy Ryan
798,Amy Ryan
799,Amy Ryan
800,Amy Ryan
801,Amy Ryan
802,Amy Ryan
803,Amy Ryan
804,Amy Ryan
805,Amy Ryan
806,Amy Ryan
807,Amy Ryan
808,Amy Ryan
809,Amy Ryan
810,Amy Ryan
811,Amy Ryan
812,Amy Ryan
813,Amy Ryan
814,Amy Ryan
815,Amy Ryan
816,Amy Ryan
817,Amy Ryan
818,Amy Ryan
819,Amy Ryan
820,Amy Ryan
821,Amy Ryan
822,Amy Ryan
823,Amy Ryan
824,Amy Ryan
825,Amy Ryan
826,Amy Ryan
827,Amy Ryan
828,Amy Ryan
829,Amy Ryan
830,Amy Ryan
831,Amy Ryan
832,Amy Ryan
833,Amy Ryan
834,Amy Ryan
835,Amy Ryan
836,Amy Ryan
837,Amy Ryan
838,Amy Ryan
839,Amy Ryan
840,Amy Ryan
841,Amy Ryan
842,Amy Ryan
843,Amy Ryan
844,Amy Ryan
845,Amy Ryan
846,Amy Ryan
847,Amy Ryan
848,Amy Ryan
849,Amy Ryan
850,Amy Ryan
851,Amy Ryan
852,Amy Ryan
853,Amy Ryan
854,Amy Ryan
855,Amy Ryan
856,Amy Ryan
857,Amy Ryan
858,Amy Ryan
859,Amy Ryan
860,Amy Ryan
861,Amy Ryan
862,Amy Ryan
863,Amy Ryan
864,Amy Ryan
865,Amy Ryan
866,Amy Ryan
867,Amy Ryan
868,Amy Ryan
869,Amy Ryan
870,Amy Ryan
871,Amy Ryan
872,Amy Ryan
873,Amy Ryan
874,Amy Ryan
875,Amy Ryan
876,Amy Ryan
877,Amy Ryan
878,Amy Ryan
879,Amy Ryan
880,Amy Ryan
881,Amy Ryan
882,Amy Ryan
883,Amy Ryan
884,Amy Ryan
885,Amy Ryan
886,Amy Ryan
887,Amy Ryan
888,Amy Ryan
889,Amy Ryan
890,Amy Ryan
891,Amy Ryan
892,Amy Ryan
893,Amy Ryan
894,Amy Ryan
895,Amy Ryan
896,Amy Ryan
897,Amy Ryan
898,Amy Ryan
899,Amy Ryan
900,Amy Ryan
901,Amy Ryan
902,Amy Ryan
903,Amy Ryan
904,Amy Ryan
905,Amy Ryan
906,Amy Ryan
907,Amy Ryan
908,Amy Ryan
909,Amy Ryan
910,Amy Ryan
911,Amy Ryan
912,Amy Ryan
913,Amy Ryan
914,Amy Ryan
915,Amy Ryan
916,Amy Ryan
917,Amy Ryan
918,Amy Ryan
919,Amy Ryan
920,Amy Ryan
921,Amy Ryan
922,Amy Ryan
923,Amy Ryan
924,Amy Ryan
925,Amy Ryan
926,Amy Ryan
927,Amy Ryan
928,Amy Ryan
929,Amy Ryan
930,Amy Ryan
931,Amy Ryan
932,Amy Ryan
933,Amy Ryan
934,Amy Ryan
935,Amy Ryan
936,Amy Ryan
937,Amy Ryan
938,Amy Ryan
939,Amy Ryan
940,Amy Ryan
941,Amy Ryan
942,Amy Ryan
943,Amy Ryan
944,Amy Ryan
945,Amy Ryan
946,Amy Ryan
947,Amy Ryan
948,Amy Ryan
949,Amy Ryan
950,Amy Ryan
951,Amy Ryan
952,Amy Ryan
953,Amy Ryan
954,Amy Ryan
955,Amy Ryan
956,Amy Ryan
957,Amy Ryan
958,Amy Ryan
959,Amy Ryan
960,Amy Ryan
961,Amy Ryan
962,Amy Ryan
963,Amy Ryan
964,Amy Ryan
965,Amy Ryan
966,Amy Ryan
967,Amy Ryan
968,Amy Ryan
969,Amy Ryan
970,Amy Ryan
971,Amy Ryan
972,Amy Ryan
973,Amy Ryan
974,Amy Ryan
975,Amy Ryan
976,Amy Ryan
977,Amy Ryan
978,Amy Ryan
979,Amy Ryan
980,Amy Ryan
981,Amy Ryan
982,Amy Ryan
983,Amy Ryan
984,Amy Ryan
985,Amy Ryan
986,Amy Ryan
987,Amy Ryan
988,Amy Ryan
989,Amy Ryan
990,Amy Ryan
991,Amy Ryan
992,Amy Ryan
993,Amy Ryan
994,Amy Ryan
995,Amy Ryan
996,Amy Ryan
997,Amy Ryan
998,Amy Ryan
999,Amy Ryan
1000,Amy Ryan
1001,Amy Ryan
1002,Amy Ryan
1003,Amy Ryan
1004,Amy Ryan
1005,Amy Ryan
1006,Amy Ryan
1007,Amy Ryan
1008,Amy Ryan
1009,Amy Ryan
1010,Amy Ryan
1011,Amy Ryan
1012,Amy Ryan
1013,Amy Ryan
1014,Amy Ryan
1015,Amy Ryan
1016,Amy Ryan
1017,Amy Ryan
1018,Amy Ryan
1019,Amy Ryan
1020,Amy Ryan
1021,Amy Ryan
1022,Amy Ryan
1023,Amy Ryan
1024,Amy Ryan
1025,Amy Ryan
1026,Amy Ryan
1027,Amy Ryan
1028,Amy Ryan
1029,Amy Ryan
1030,Amy Ryan
1031,Amy Ryan
1032,Amy Ryan
1033,Amy Ryan
1034,Amy Ryan
1035,Amy Ryan
1036,Amy Ryan
1037,Amy Ryan
1038,Amy Ryan
1039,Amy Ryan
1040,Amy Ryan
1041,Amy Ryan
1042,Amy Ryan
1043,Amy Ryan
1044,Amy Ryan
1045,Amy Ryan
1046,Amy Ryan
1047,Amy Ryan
1048,Amy Ryan
1049,Amy Ryan
1050,Amy Ryan
1051,Amy Ryan
1052,Amy Ryan
1053,Amy Ryan
1054,Amy Ryan
1055,Amy Ryan
1056,Amy Ryan
1057,Amy Ryan
1058,Amy Ryan
1059,Amy Ryan
1060,Amy Ryan
1061,Amy Ryan
1062,Amy Ryan
1063,Amy Ryan
1064,Amy Ryan
1065,Amy Ryan
1066,Amy Ryan
1067,Amy Ryan
1068,Amy Ryan
1069,Amy Ryan
1070,Amy Ryan
1071,Amy Ryan
1072,Amy Ryan
1073,Amy Ryan
1074,Amy Ryan
1075,Amy Ryan
1076,Amy Ryan
1077,Amy Ryan
1078,Amy Ryan
1079,Amy Ryan
1080,Amy Ryan
1081,Amy Ryan
1082,Amy Ryan
1083,Amy Ryan
1084,Amy Ryan
1085,Amy Ryan
1086,Amy Ryan
1087,Amy Ryan
1088,Amy Ryan
1089,Amy Ryan
1090,Amy Ryan
1091,Amy Ryan
1092,Amy Ryan
1093,Amy Ryan
1094,Amy Ryan
1095,Amy Ryan
1096,Amy Ryan
1097,Amy Ryan
1098,Amy Ryan
1099,Amy Ryan
1100,Amy Ryan
1101,Amy Ryan
1102,Amy Ryan
1103,Amy Ryan
1104,Amy Ryan
1105,Amy Ryan
1106,Amy Ryan
1107,Amy Ryan
1108,Amy Ryan
1109,Amy Ryan
1110,Amy Ryan
1111,Amy Ryan
1112,Amy Ryan
1113,Amy Ryan
1114,Amy Ryan
1115,Amy Ryan
1116,Amy Ryan
1117,Amy Ryan
1118,Amy Ryan
1119,Amy Ryan
1120,Amy Ryan
1121,Amy Ryan
1122,Amy Ryan
1123,Amy Ryan
1124,Amy Ryan
1125,Amy Ryan
1126,Amy Ryan
1127,Amy Ryan
1128,Amy Ryan
1129,Amy Ryan
1130,Amy Ryan
1131,Amy Ryan
1132,Amy Ryan
1133,Amy Ryan
1134,Amy Ryan
1135,Amy Ryan
1136,Amy Ryan
1137,Amy Ryan
1138,Amy Ryan
1139,Amy Ryan
1140,Amy Ryan
1141,Amy Ryan
1142,Amy Ryan
1143,Amy Ryan
1144,Amy Ryan
1145,Amy Ryan
1146,Amy Ryan
1147,Amy Ryan
1148,Amy Ryan
1149,Amy Ryan
1150,Amy Ryan
1151,Amy Ryan
1152,Amy Ryan
1153,Amy Ryan
1154,Amy Ryan
1155,Amy Ryan
1156,Amy Ryan
1157,Amy Ryan
1158,Amy Ryan
1159,Amy Ryan
1160,Amy Ryan
1161,Amy Ryan
1162,Amy Ryan
1163,Amy Ryan
1164,Amy Ryan
1165,Amy Ryan
1166,Amy Ryan
1167,Amy Ryan
1168,Amy Ryan
1169,Amy Ryan
1170,Amy Ryan
1171,Amy Ryan
1172,Amy Ryan
1173,Amy Ryan
1174,Amy Ryan
1175,Amy Ryan
1176,Amy Ryan
1177,Amy Ryan
1178,Amy Ryan
1179,Amy Ryan
1180,Amy Ryan
1181,Amy Ryan
1182,Amy Ryan
1183,Amy Ryan
1184,Amy Ryan
1185,Amy Ryan
1186,Amy Ryan
1187,Amy Ryan
1188,Amy Ryan
1189,Amy Ryan
1190,Amy Ryan
1191,Amy Ryan
1192,Amy Ryan
1193,Amy Ryan
1194,Amy Ryan
1195,Amy Ryan
1196,Amy Ryan
1197,Amy Ryan
1198,Amy Ryan
1199,Amy Ryan
1200,Amy Ryan
1201,Amy Ryan
1202,Amy Ryan
1203,Amy Ryan
1204,Amy Ryan
1205,Amy Ryan
1206,Amy Ryan
1207,Amy Ryan
1208,Amy Ryan
1209,Amy Ryan
1210,Amy Ryan
1211,Amy Ryan
1212,Amy Ryan
1213,Amy Ryan
1214,Amy Ryan
1215,Amy Ryan
1216,Amy Ryan
1217,Amy Ryan
1218,Amy Ryan
1219,Amy Ryan
1220,Amy Ryan
1221,Amy Ryan
1222,Amy Ryan
1223,Amy Ryan
1224,Amy Ryan
1225,Amy Ryan
1226,Amy Ryan
1227,Amy Ryan
1228,Amy Ryan
1229,Amy Ryan
1230,Amy Ryan
1231,Amy Ryan
1232,Amy Ryan
1233,Amy Ryan
1234,Amy Ryan
1235,Amy Ryan
1236,Amy Ryan
1237,Amy Ryan
1238,Amy Ryan
1239,Amy Ryan
1240,Amy Ryan
1241,Amy Ryan
1242,Amy Ryan
1243,Amy Ryan
1244,Amy Ryan
1245,Amy Ryan
1246,Amy Ryan
1247,Amy Ryan
1248,Amy Ryan
1249,Amy Ryan
1250,Amy Ryan
1251,Amy Ryan
1252,Amy Ryan
1253,Amy Ryan
1254,Amy Ryan
1255,Amy Ryan
1256,Amy Ryan
1257,Amy Ryan
1258,Amy Ryan
1259,Amy Ryan
1260,Amy Ryan
1261,Amy Ryan
1262,Amy Ryan
1263,Amy Ryan
1264,Amy Ryan
1265,Amy Ryan
1266,Amy Ryan
1267,Amy Ryan
1268,Amy Ryan
1269,Amy Ryan
1270,Amy Ryan
1271,Amy Ryan
1272,Amy Ryan
1273,Amy Ryan
1274,Amy Ryan
1275,Amy Ryan
1276,Amy Ryan
1277,Amy Ryan
1278,Amy Ryan
1279,Amy Ryan
1280,Amy Ryan
1281,Amy Ryan
1282,Amy Ryan
1283,Amy Ryan
1284,Amy Ryan
1285,Amy Ryan
1286,Amy Ryan
1287,Amy Ryan
1288,Amy Ryan
1289,Amy Ryan
1290,Amy Ryan
1291,Amy Ryan
1292,Amy Ryan
1293,Amy Ryan
1294,Amy Ryan
1295,Amy Ryan
1296,Amy Ryan
1297,Amy Ryan
1298,Amy Ryan
1299,Amy Ryan
1300,Amy Ryan
1301,Amy Ryan
1302,Amy Ryan
1303,Amy Ryan
1304,Amy Ryan
1305,Amy Ryan
1306,Amy Ryan
1307,Amy Ryan
1308,Amy Ryan
1309,Amy Ryan
1310,Amy Ryan
1311,Amy Ryan
1312,Amy Ryan
1313,Amy Ryan
1314,Amy Ryan
1315,Amy Ryan
1316,Amy Ryan
1317,Amy Ryan
1318,Amy Ryan
1319,Amy Ryan
1320,Amy Ryan
1321,Amy Ryan
1322,Amy Ryan
1323,Amy Ryan
1324,Amy Ryan
1325,Amy Ryan
1326,Amy Ryan
1327,Amy Ryan
1328,Amy Ryan
1329,Amy Ryan
1330,Amy Ryan
1331,Amy Ryan
1332,Amy Ryan
1333,Amy Ryan
1334,Amy Ryan
1335,Amy Ryan
1336,Amy Ryan
1337,Amy Ryan
1338,Amy Ryan
1339,Amy Ryan
1340,Amy Ryan
1341,Amy Ryan
1342,Amy Ryan
1343,Amy Ryan
1344,Amy Ryan
1345,Amy Ryan
1346,Amy Ryan
1347,Amy Ryan
1348,Amy Ryan
1349,Amy Ryan
1350,Amy Ryan
1351,Amy Ryan
1352,Amy Ryan
1353,Amy Ryan
1354,Amy Ryan
1355,Amy Ryan
1356,Amy Ryan
1357,Amy Ryan
1358,Amy Ryan
1359,Amy Ryan
1360,Amy Ryan
1361,Amy Ryan
1362,Amy Ryan
1363,Amy Ryan
1364,Amy Ryan
1365,Amy Ryan
1366,Amy Ryan
1367,Amy Ryan
1368,Amy Ryan
1369,Amy Ryan
1370,Amy Ryan
1371,Amy Ryan
1372,Amy Ryan
1373,Amy Ryan
1374,Amy Ryan
1375,Amy Ryan
1376,Amy Ryan
1377,Amy Ryan
1378,Amy Ryan
1379,Amy Ryan
1380,Amy Ryan
1381,Amy Ryan
1382,Amy Ryan
1383,Amy Ryan
1384,Amy Ryan
1385,Amy Ryan
1386,Amy Ryan
1387,Amy Ryan
1388,Amy Ryan
1389,Amy Ryan
1390,Amy Ryan
1391,Amy Ryan
1392,Amy Ryan
1393,Amy Ryan
1394,Amy Ryan
1395,Amy Ryan
1396,Amy Ryan
1397,Amy Ryan
1398,Amy Ryan
1399,Amy Ryan
1400,Amy Ryan
1401,Amy Ryan
1402,Amy Ryan
1403,Amy Ryan
1404,Amy Ryan
1405,Amy Ryan
1406,Amy Ryan
1407,Amy Ryan
1408,Amy Ryan
1409,Amy Ryan
1410,Amy Ryan
1411,Amy Ryan
1412,Amy Ryan
1413,Amy Ryan
1414,Amy Ryan
1415,Amy Ryan
1416,Amy Ryan
1417,Amy Ryan
1418,Amy Ryan
1419,Amy Ryan
1420,Amy Ryan
1421,Amy Ryan
1422,Amy Ryan
1423,Amy Ryan
1424,Amy Ryan
1425,Amy Ryan
1426,Amy Ryan
1427,Amy Ryan
1428,Amy Ryan
1429,Amy Ryan
1430,Amy Ryan
1431,Amy Ryan
1432,Amy Ryan
1433,Amy Ryan
1434,Amy Ryan
1435,Amy Ryan
1436,Amy Ryan
1437,Amy Ryan
1438,Amy Ryan
1439,Amy Ryan
1440,Amy Ryan
1441,Amy Ryan
1442,Amy Ryan
1443,Amy Ryan
1444,Amy Ryan
1445,Amy Ryan
1446,Amy Ryan
1447,Amy Ryan
1448,Amy Ryan
1449,Amy Ryan
1450,Amy Ryan
1451,Amy Ryan
1452,Amy Ryan
1453,Amy Ryan
1454,Amy Ryan
1455,Amy Ryan
1456,Amy Ryan
1457,Amy Ryan
1458,Amy Ryan
1459,Amy Ryan
1460,Amy Ryan
1461,Amy Ryan
1462,Amy Ryan
1463,Amy Ryan
1464,Amy Ryan
1465,Amy Ryan
1466,Amy Ryan
1467,Amy Ryan
1468,Amy Ryan
1469,Amy Ryan
1470,Amy Ryan
1471,Amy Ryan
1472,Amy Ryan
1473,Amy Ryan
1474,Amy Ryan
1475,Amy Ryan
1476,Amy Ryan
1477,Amy Ryan
1478,Amy Ryan
1479,Amy Ryan
1480,Amy Ryan
1481,Amy Ryan
1482,Amy Ryan
1483,Amy Ryan
1484,Amy Ryan
1485,Amy Ryan
1486,Amy Ryan
1487,Amy Ryan
1488,Amy Ryan
1489,Amy Ryan
1490,Amy Ryan
1491,Amy Ryan
1492,Amy Ryan
1493,Amy Ryan
1494,Amy Ryan
1495,Amy Ryan
1496,Amy Ryan
1497,Amy Ryan
1498,Amy Ryan
1499,Amy Ryan
1500,Amy Ryan
1501,Amy Ryan
1502,Amy Ryan
1503,Amy Ryan
1504,Amy Ryan
1505,Amy Ryan
1506,Amy Ryan
1507,Amy Ryan
1508,Amy Ryan
1509,Amy Ryan
1510,Amy Ryan
1511,Amy Ryan
1512,Amy Ryan
1513,Amy Ryan
1514,Amy Ryan
1515,Amy Ryan
1516,Amy Ryan
1517,Amy Ryan
1518,Amy Ryan
1519,Amy Ryan
1520,Amy Ryan
1521,Amy Ryan
1522,Amy Ryan
1523,Amy Ryan
1524,Amy Ryan
1525,Amy Ryan
1526,Amy Ryan
1527,Amy Ryan
1528,Amy Ryan
1529,Amy Ryan
1530,Amy Ryan
1531,Amy Ryan
1532,Amy Ryan
1533,Amy Ryan
1534,Amy Ryan
1535,Amy Ryan
1536,Amy Ryan
1537,Amy Ryan
1538,Amy Ryan
1539,Amy Ryan
1540,Amy Ryan
1541,Amy Ryan
1542,Amy Ryan
1543,Amy Ryan
1544,Amy Ryan
1545,Amy Ryan
1546,Amy Ryan
1547,Amy Ryan
1548,Amy Ryan
1549,Amy Ryan
1550,Amy Ryan
1551,Amy Ryan
1552,Amy Ryan
1553,Amy Ryan
1554,Amy Ryan
1555,Amy Ryan
1556,Amy Ryan
1557,Amy Ryan
1558,Amy Ryan
1559,Amy Ryan
1560,Amy Ryan
1561,Amy Ryan
1562,Amy Ryan
1563,Amy Ryan
1564,Amy Ryan
1565,Amy Ryan
1566,Amy Ryan
1567,Amy Ryan
1568,Amy Ryan
1569,Amy Ryan
1570,Amy Ryan
1571,Amy Ryan
1572,Amy Ryan
1573,Amy Ryan
1574,Amy Ryan
1575,Amy Ryan
1576,Amy Ryan
1577,Amy Ryan
1578,Amy Ryan
1579,Amy Ryan
1580,Amy Ryan
1581,Amy Ryan
1582,Amy Ryan
1583,Amy Ryan
1584,Amy Ryan
1585,Amy Ryan
1586,Amy Ryan
1587,Amy Ryan
1588,Amy Ryan
1589,Amy Ryan
1590,Amy Ryan
1591,Amy Ryan
1592,Amy Ryan
1593,Amy Ryan
1594,Amy Ryan
1595,Amy Ryan
1596,Amy Ryan
1597,Amy Ryan
1598,Amy Ryan
1599,Amy Ryan
1600,Amy Ryan
1601,Amy Ryan
1602,Amy Ryan
1603,Amy Ryan
1604,Amy Ryan
1605,Amy Ryan
1606,Amy Ryan
1607,Amy Ryan
1608,Amy Ryan
1609,Amy Ryan
1610,Amy Ryan
1611,Amy Ryan
1612,Amy Ryan
1613,Amy Ryan
1614,Amy Ryan
1615,Amy Ryan
1616,Amy Ryan
1617,Amy Ryan
1618,Amy Ryan
1619,Amy Ryan
1620,Amy Ryan
1621,Amy Ryan
1622,Amy Ryan
1623,Amy Ryan
1624,Amy Ryan
1625,Amy Ryan
1626,Amy Ryan
1627,Amy Ryan
1628,Amy Ryan
1629,Amy Ryan
1630,Amy Ryan
1631,Amy Ryan
1632,Amy Ryan
1633,Amy Ryan
1634,Amy Ryan
1635,Amy Ryan
1636,Amy Ryan
1637,Amy Ryan
1638,Amy Ryan
1639,Amy Ryan
1640,Amy Ryan
1641,Amy Ryan
1642,Amy Ryan
1643,Amy Ryan
1644,Amy Ryan
1645,Amy Ryan
1646,Amy Ryan
1647,Amy Ryan
1648,Amy Ryan
1649,Amy Ryan
1650,Amy Ryan
1651,Amy Ryan
1652,Amy Ryan
1653,Amy Ryan
1654,Amy Ryan
1655,Amy Ryan
1656,Amy Ryan
1657,Amy Ryan
1658,Amy Ryan
1659,Amy Ryan
1660,Amy Ryan
1661,Amy Ryan
1662,Amy Ryan
1663,Amy Ryan
1664,Amy Ryan
1665,Amy Ryan
1666,Amy Ryan
1667,Amy Ryan
1668,Amy Ryan
1669,Amy Ryan
1670,Amy Ryan
1671,Amy Ryan
1672,Amy Ryan
1673,Amy Ryan
1674,Amy Ryan
1675,Amy Ryan
1676,Amy Ryan
1677,Amy Ryan
1678,Amy Ryan
1679,Amy Ryan
1680,Amy Ryan
1681,Amy Ryan
1682,Amy Ryan
1683,Amy Ryan
1684,Amy Ryan
1685,Amy Ryan
1686,Amy Ryan
1687,Amy Ryan
1688,Amy Ryan
1689,Amy Ryan
1690,Amy Ryan
1691,Amy Ryan
1692,Amy Ryan
1693,Amy Ryan
1694,Amy Ryan
1695,Amy Ryan
1696,Amy Ryan
1697,Amy Ryan
1698,Amy Ryan
1699,Amy Ryan
1700,Amy Ryan
1701,Amy Ryan
1702,Amy Ryan
1703,Amy Ryan
1704,Amy Ryan
1705,Amy Ryan
1706,Amy Ryan
1707,Amy Ryan
1708,Amy Ryan
1709,Amy Ryan
1710,Amy Ryan
1711,Amy Ryan
1712,Amy Ryan
1713,Amy Ryan
1714,Amy Ryan
1715,Amy Ryan
1716,Amy Ryan
1717,Amy Ryan
1718,Amy Ryan
1719,Amy Ryan
1720,Amy Ryan
1721,Amy Ryan
1722,Amy Ryan
1723,Amy Ryan
1724,Amy Ryan
1725,Amy Ryan
1726,Amy Ryan
1727,Amy Ryan
1728,Amy Ryan
1729,Amy Ryan
1730,Amy Ryan
1731,Amy Ryan
1732,Amy Ryan
1733,Amy Ryan
1734,Amy Ryan
1735,Amy Ryan
1736,Amy Ryan
1737,Amy Ryan
1738,Amy Ryan
1739,Amy Ryan
1740,Amy Ryan
1741,Amy Ryan
1742,Amy Ryan
1743,Amy Ryan
1744,Amy Ryan
1745,Amy Ryan
1746,Amy Ryan
1747,Amy Ryan
1748,Amy Ryan
1749,Amy Ryan
1750,Amy Ryan
1751,Amy Ryan
1752,Amy Ryan
1753,Amy Ryan
1754,Amy Ryan
1755,Amy Ryan
1756,Amy Ryan
1757,Amy Ryan
1758,Amy Ryan
1759,Amy Ryan
1760,Amy Ryan
1761,Amy Ryan
1762,Amy Ryan
1763,Amy Ryan
1764,Amy Ryan
1765,Amy Ryan
1766,Amy Ryan
1767,Amy Ryan
1768,Amy Ryan
1769,Amy Ryan
1770,Amy Ryan
1771,Amy Ryan
1772,Amy Ryan
1773,Amy Ryan
1774,Amy Ryan
1775,Amy Ryan
1776,Amy Ryan
1777,Amy Ryan
1778,Amy Ryan
1779,Amy Ryan
1780,Amy Ryan
1781,Amy Ryan
1782,Amy Ryan
1783,Amy Ryan
1784,Amy Ryan
1785,Amy Ryan
1786,Amy Ryan
1787,Amy Ryan
1788,Amy Ryan
1789,Amy Ryan
1790,Amy Ryan
1791,Amy Ryan
1792,Amy Ryan
1793,Amy Ryan
1794,Amy Ryan
1795,Amy Ryan
1796,Amy Ryan
1797,Amy Ryan
1798,Amy Ryan
1799,Amy Ryan
1800,Amy Ryan
1801,Amy Ryan
1802,Amy Ryan
1803,Amy Ryan
1804,Amy Ryan
1805,Amy Ryan
1806,Amy Ryan
1807,Amy Ryan
1808,Amy Ryan
1809,Amy Ryan
1810,Amy Ryan
1811,Amy Ryan
1812,Amy Ryan
1813,Amy Ryan
1814,Amy Ryan
1815,Amy Ryan
1816,Amy Ryan
1817,Amy Ryan
1818,Amy Ryan
1819,Amy Ryan
1820,Amy Ryan
1821,Amy Ryan
1822,Amy Ryan
1823,Amy Ryan
1824,Amy Ryan
1825,Amy Ryan
1826,Amy Ryan
1827,Amy Ryan
1828,Amy Ryan
1829,Amy Ryan
1830,Amy Ryan
1831,Amy Ryan
1832,Amy Ryan
1833,Amy Ryan
1834,Amy Ryan
1835,Amy Ryan
1836,Amy Ryan
1837,Amy Ryan
1838,Amy Ryan
1839,Amy Ryan
1840,Amy Ryan
1841,Amy Ryan
1842,Amy Ryan
1843,Amy Ryan
1844,Amy Ryan
1845,Amy Ryan
1846,Amy Ryan
1847,Amy Ryan
1848,Amy Ryan
1849,Amy Ryan
1850,Amy Ryan
1851,Amy Ryan
1852,Amy Ryan
1853,Amy Ryan
1854,Amy Ryan
1855,Amy Ryan
1856,Amy Ryan
1857,Amy Ryan
1858,Amy Ryan
1859,Amy Ryan
1860,Amy Ryan
1861,Amy Ryan
1862,Amy Ryan
1863,Amy Ryan
1864,Amy Ryan
1865,Amy Ryan
1866,Amy Ryan
1867,Amy Ryan
1868,Amy Ryan
1869,Amy Ryan
1870,Amy Ryan
1871,Amy Ryan
1872,Amy Ryan
1873,Amy Ryan
1874,Amy Ryan
1875,Amy Ryan
1876,Amy Ryan
1877,Amy Ryan
1878,Amy Ryan
1879,Amy Ryan
1880,Amy Ryan
1881,Amy Ryan
1882,Amy Ryan
1883,Amy Ryan
1884,Amy Ryan
1885,Amy Ryan
1886,Amy Ryan
1887,Amy Ryan
1888,Amy Ryan
1889,Amy Ryan
1890,Amy Ryan
1891,Amy Ryan
1892,Amy Ryan
1893,Amy Ryan
1894,Amy Ryan
1895,Amy Ryan
1896,Amy Ryan
1897,Amy Ryan
1898,Amy Ryan
1899,Amy Ryan
1900,Amy Ryan
1901,Amy Ryan
1902,Amy Ryan
1903,Amy Ryan
1904,Amy Ryan
1905,Amy Ryan
1906,Amy Ryan
1907,Amy Ryan
1908,Amy Ryan
1909,Amy Ryan
1910,Amy Ryan
1911,Amy Ryan
1912,Amy Ryan
1913,Amy Ryan
1914,Amy Ryan
1915,Amy Ryan
1916,Amy Ryan
1917,Amy Ryan
1918,Amy Ryan
1919,Amy Ryan
1920,Amy Ryan
1921,Amy Ryan
1922,Amy Ryan
1923,Amy Ryan
1924,Amy Ryan
1925,Amy Ryan
1926,Amy Ryan
1927,Amy Ryan
1928,Amy Ryan
1929,Amy Ryan
1930,Amy Ryan
1931,Amy Ryan
1932,Amy Ryan
1933,Amy Ryan
1934,Amy Ryan
1935,Amy Ryan
1936,Amy Ryan
1937,Amy Ryan
1938,Amy Ryan
1939,Amy Ryan
1940,Amy Ryan
1941,Amy Ryan
1942,Amy Ryan
1943,Amy Ryan
1944,Amy Ryan
1945,Amy Ryan
1946,Amy Ryan
1947,Amy Ryan
1948,Amy Ryan
1949,Amy Ryan
1950,Amy Ryan
1951,Amy Ryan
1952,Amy Ryan
1953,Amy Ryan
1954,Amy Ryan
1955,Amy Ryan
1956,Amy Ryan
1957,Amy Ryan
1958,Amy Ryan
1959,Amy Ryan
1960,Amy Ryan
1961,Amy Ryan
1962,Amy Ryan
1963,Amy Ryan
1964,Amy Ryan
1965,Amy Ryan
1966,Amy Ryan
1967,Amy Ryan
1968,Amy Ryan
1969,Amy Ryan
1970,Amy Ryan
1971,Amy Ryan
1972,Amy Ryan
1973,Amy Ryan
1974,Amy Ryan
1975,Amy Ryan
1976,Amy Ryan
1977,Amy Ryan
1978,Amy Ryan
1979,Amy Ryan
1980,Amy Ryan
1981,Amy Ryan
1982,Amy Ryan
1983,Amy Ryan
1984,Amy Ryan
1985,Amy Ryan
1986,Amy Ryan
1987,Amy Ryan
1988,Amy Ryan
1989,Amy Ryan
1990,Amy Ryan
1991,Amy Ryan
1992,Amy Ryan
1993,Amy Ryan
1994,Amy Ryan
1995,Amy Ryan
1996,Amy Ryan
1997,Amy Ryan
1998,Amy Ryan
1999,Amy Ryan
2000,Amy Ryan
2001,Amy Ryan
2002,Amy Ryan
2003,Amy Ryan
2004,Amy Ryan
2005,Amy Ryan
2006,Amy Ryan
2007,Amy Ryan
2008,Amy Ryan
2009,Amy Ryan
2010,Amy Ryan
2011,Amy Ryan
2012,Amy Ryan
2013,Amy Ryan
2014,Amy Ryan
2015,Amy Ryan
2016,Amy Ryan
2017,Amy Ryan
2018,Amy Ryan
2019,Amy Ryan
2020,Amy Ryan
2021,Amy Ryan
2022,Amy Ryan
2023,Amy Ryan
2024,Amy Ryan
2025,Amy Ryan
2026,Amy Ryan
2027,Amy Ryan
2028,Amy Ryan
2029,Amy Ryan
2030,Amy Ryan
2031,Amy Ryan
2032,Amy Ryan
2033,Amy Ryan
2034,Amy Ryan
2035,Amy Ryan
2036,Amy Ryan
2037,Amy Ryan
2038,Amy Ryan
2039,Amy Ryan
2040,Amy Ryan
2041,Amy Ryan
2042,Amy Ryan
2043,Amy Ryan
2044,Amy Ryan
2045,Amy Ryan
2046,Amy Ryan
2047,Amy Ryan
2048,Amy Ryan
2049,Amy Ryan
2050,Amy Ryan
2051,Amy Ryan
2052,Amy Ryan
2053,Amy Ryan
2054,Amy Ryan
2055,Amy Ryan
2056,Amy Ryan
2057,Amy Ryan
2058,Amy Ryan
2059,Amy Ryan
2060,Amy Ryan
2061,Amy Ryan
2062,Amy Ryan
2063,Amy Ryan
2064,Amy Ryan
2065,Amy Ryan
2066,Amy Ryan
2067,Amy Ryan
2068,Amy Ryan
2069,Amy Ryan
2070,Amy Ryan
2071,Amy Ryan
2072,Amy Ryan
2073,Amy Ryan
2074,Amy Ryan
2075,Amy Ryan
2076,Amy Ryan
2077,Amy Ryan
2078,Amy Ryan
2079,Amy Ryan
2080,Amy Ryan
2081,Amy Ryan
2082,Amy Ryan
2083,Amy Ryan
2084,Amy Ryan
2085,Amy Ryan
2086,Amy Ryan
2087,Amy Ryan
2088,Amy Ryan
2089,Amy Ryan
2090,Amy Ryan
2091,Amy Ryan
2092,Amy Ryan
2093,Amy Ryan
2094,Amy Ryan
2095,Amy Ryan
2096,Amy Ryan
2097,Amy Ryan
2098,Amy Ryan
2099,Amy Ryan
2100,Amy Ryan
2101,Amy Ryan
2102,Amy Ryan
2103,Amy Ryan
2104,Amy Ryan
2105,Amy Ryan
2106,Amy Ryan
2107,Amy Ryan
2108,Amy Ryan
2109,Amy Ryan
2110,Amy Ryan
2111,Amy Ryan
2112,Amy Ryan
2113,Amy Ryan
2114,Amy Ryan
2115,Amy Ryan
2116,Amy Ryan
2117,Amy Ryan
2118,Amy Ryan
2119,Amy Ryan
2120,Amy Ryan
2121,Amy Ryan
2122,Amy Ryan
2123,Amy Ryan
2124,Amy Ryan
2125,Amy Ryan
2126,Amy Ryan
2127,Amy Ryan
2128,Amy Ryan
2129,Amy Ryan
2130,Amy Ryan
2131,Amy Ryan
2132,Amy Ryan
2133,Amy Ryan
2134,Amy Ryan
2135,Amy Ryan
2136,Amy Ryan
2137,Amy Ryan
2138,Amy Ryan
2139,Amy Ryan
2140,Amy Ryan
2141,Amy Ryan
2142,Amy Ryan
2143,Amy Ryan
2144,Amy Ryan
2145,Amy Ryan
2146,Amy Ryan
2147,Amy Ryan
2148,Amy Ryan
2149,Amy Ryan
2150,Amy Ryan
2151,Amy Ryan
2152,Amy Ryan
2153,Amy Ryan
2154,Amy Ryan
2155,Amy Ryan
2156,Amy Ryan
2157,Amy Ryan
2158,Amy Ryan
2159,Amy Ryan
2160,Amy Ryan
2161,Amy Ryan
2162,Amy Ryan
2163,Amy Ryan
2164,Amy Ryan
2165,Amy Ryan
2166,Amy Ryan
2167,Amy Ryan
2168,Amy Ryan
2169,Amy Ryan
2170,Amy Ryan
2171,Amy Ryan
2172,Amy Ryan
2173,Amy Ryan
2174,Amy Ryan
2175,Amy Ryan
2176,Amy Ryan
2177,Amy Ryan
2178,Amy Ryan
2179,Amy Ryan
2180,Amy Ryan
2181,Amy Ryan
2182,Amy Ryan
2183,Amy Ryan
2184,Amy Ryan
2185,Amy Ryan
2186,Amy Ryan
2187,Amy Ryan
2188,Amy Ryan
2189,Amy Ryan
2190,Amy Ryan
2191,Amy Ryan
2192,Amy Ryan
2193,Amy Ryan
2194,Amy Ryan
2195,Amy Ryan
2196,Amy Ryan
2197,Amy Ryan
2198,Amy Ryan
2199,Amy Ryan
2200,Amy Ryan
2201,Amy Ryan
2202,Amy Ryan
2203,Amy Ryan
2204,Amy Ryan
2205,Amy Ryan
2206,Amy Ryan
2207,Amy Ryan
2208,Amy Ryan
2209,Amy Ryan
2210,Amy Ryan
2211,Amy Ryan
2212,Amy Ryan
2213,Amy Ryan
2214,Amy Ryan
2215,Amy Ryan
2216,Amy Ryan
2217,Amy Ryan
2218,Amy Ryan
2219,Amy Ryan
2220,Amy Ryan
2221,Amy Ryan
2222,Amy Ryan
2223,Amy Ryan
2224,Amy Ryan
2225,Amy Ryan
2226,Amy Ryan
2227,Amy Ryan
2228,Amy Ryan
2229,Amy Ryan
2230,Amy Ryan
2231,Amy Ryan
2232,Amy Ryan
2233,Amy Ryan
2234,Amy Ryan
2235,Amy Ryan
2236,Amy Ryan
2237,Amy Ryan
2238,Amy Ryan
2239,Amy Ryan
2240,Amy Ryan
2241,Amy Ryan
2242,Amy Ryan
2243,Amy Ryan
2244,Amy Ryan
2245,Amy Ryan
2246,Amy Ryan
2247,Amy Ryan
2248,Amy Ryan
2249,Amy Ryan
2250,Amy Ryan
2251,Amy Ryan
2252,Amy Ryan
2253,Amy Ryan
2254,Amy Ryan
2255,Amy Ryan
2256,Amy Ryan
2257,Amy Ryan
2258,Amy Ryan
2259,Amy Ryan
2260,Amy Ryan
2261,Amy Ryan
2262,Amy Ryan
2263,Amy Ryan
2264,Amy Ryan
2265,Amy Ryan
2266,Amy Ryan
2267,Amy Ryan
2268,Amy Ryan
2269,Amy Ryan
2270,Amy Ryan
2271,Amy Ryan
2272,Amy Ryan
2273,Amy Ryan
2274,Amy Ryan
2275,Amy Ryan
2276,Amy Ryan
2277,Amy Ryan
2278,Amy Ryan
2279,Amy Ryan
2280,Amy Ryan
2281,Amy Ryan
2282,Amy Ryan
2283,Amy Ryan
2284,Amy Ryan
2285,Amy Ryan
2286,Amy Ryan
2287,Amy Ryan
2288,Amy Ryan
2289,Amy Ryan
2290,Amy Ryan
2291,Amy Ryan
2292,Amy Ryan
2293,Amy Ryan
2294,Amy Ryan
2295,Amy Ryan
2296,Amy Ryan
2297,Amy Ryan
2298,Amy Ryan
2299,Amy Ryan
2300,Amy Ryan
2301,Amy Ryan
2302,Amy Ryan
2303,Amy Ryan
2304,Amy Ryan
2305,Amy Ryan
2306,Amy Ryan
2307,Amy Ryan
2308,Amy Ryan
2309,Amy Ryan
2310,Amy Ryan
2311,Amy Ryan
2312,Amy Ryan
2313,Amy Ryan
2314,Amy Ryan
2315,Amy Ryan
2316,Amy Ryan
2317,Amy Ryan
2318,Amy Ryan
2319,Amy Ryan
2320,Amy Ryan
2321,Amy Ryan
2322,Amy Ryan
2323,Amy Ryan
2324,Amy Ryan
2325,Amy Ryan
2326,Amy Ryan
2327,Amy Ryan
2328,Amy Ryan
2329,Amy Ryan
2330,Amy Ryan
2331,Amy Ryan
2332,Amy Ryan
2333,Amy Ryan
2334,Amy Ryan
2335,Amy Ryan
2336,Amy Ryan
2337,Amy Ryan
2338,Amy Ryan
2339,Amy Ryan
2340,Amy Ryan
2341,Amy Ryan
2342,Amy Ryan
2343,Amy Ryan
2344,Amy Ryan
2345,Amy Ryan
2346,Amy Ryan
2347,Amy Ryan
2348,Amy Ryan
2349,Amy Ryan
2350,Amy Ryan
2351,Amy Ryan
2352,Amy Ryan
2353,Amy Ryan
2354,Amy Ryan
2355,Amy Ryan
2356,Amy Ryan
2357,Amy Ryan
2358,Amy Ryan
2359,Amy Ryan
2360,Amy Ryan
2361,Amy Ryan
2362,Amy Ryan
2363,Amy Ryan
2364,Amy Ryan
2365,Amy Ryan
2366,Amy Ryan
2367,Amy Ryan
2368,Amy Ryan
2369,Amy Ryan
2370,Amy Ryan
2371,Amy Ryan
2372,Amy Ryan
2373,Amy Ryan
2374,Amy Ryan
2375,Amy Ryan
2376,Amy Ryan
2377,Amy Ryan
2378,Amy Ryan
2379,Amy Ryan
2380,Amy Ryan
2381,Amy Ryan
2382,Amy Ryan
2383,Amy Ryan
2384,Amy Ryan
2385,Amy Ryan
2386,Amy Ryan
2387,Amy Ryan
2388,Amy Ryan
2389,Amy Ryan
2390,Amy Ryan
2391,Amy Ryan
2392,Amy Ryan
2393,Amy Ryan
2394,Amy Ryan
2395,Amy Ryan
2396,Amy Ryan
2397,Amy Ryan
2398,Amy Ryan
2399,Amy Ryan
2400,Amy Ryan
2401,Amy Ryan
2402,Amy Ryan
2403,Amy Ryan
2404,Amy Ryan
2405,Amy Ryan
2406,Amy Ryan
2407,Amy Ryan
2408,Amy Ryan
2409,Amy Ryan
2410,Amy Ryan
2411,Amy Ryan
2412,Amy Ryan
2413,Amy Ryan
2414,Amy Ryan
2415,Amy Ryan
2416,Amy Ryan
2417,Amy Ryan
2418,Amy Ryan
2419,Amy Ryan
2420,Amy Ryan
2421,Amy Ryan
2422,Amy Ryan
2423,Amy Ryan
2424,Amy Ryan
2425,Amy Ryan
2426,Amy Ryan
2427,Amy Ryan
2428,Amy Ryan
2429,Amy Ryan
2430,Amy Ryan
2431,Amy Ryan
2432,Amy Ryan
2433,Amy Ryan
2434,Amy Ryan
2435,Amy Ryan
2436,Amy Ryan
2437,Amy Ryan
2438,Amy Ryan
2439,Amy Ryan
2440,Amy Ryan
2441,Amy Ryan
2442,Amy Ryan
2443,Amy Ryan
2444,Amy Ryan
2445,Amy Ryan
2446,Amy Ryan
2447,Amy Ryan
2448,Amy Ryan
2449,Amy Ryan
2450,Amy Ryan
2451,Amy Ryan
2452,Amy Ryan
2453,Amy Ryan
2454,Amy Ryan
2455,Amy Ryan
2456,Amy Ryan
2457,Amy Ryan
2458,Amy Ryan
2459,Amy Ryan
2460,Amy Ryan
2461,Amy Ryan
2462,Amy Ryan
2463,Amy Ryan
2464,Amy Ryan
2465,Amy Ryan
2466,Amy Ryan
2467,Amy Ryan
2468,Amy Ryan
2469,Amy Ryan
2470,Amy Ryan
2471,Amy Ryan
2472,Amy Ryan
2473,Amy Ryan
2474,Amy Ryan
2475,Amy Ryan
2476,Amy Ryan
2477,Amy Ryan
2478,Amy Ryan
2479,Amy Ryan
2480,Amy Ryan
2481,Amy Ryan
2482,Amy Ryan
2483,Amy Ryan
2484,Amy Ryan
2485,Amy Ryan
2486,Amy Ryan
2487,Amy Ryan
2488,Amy Ryan
2489,Amy Ryan
2490,Amy Ryan
2491,Amy Ryan
2492,Amy Ryan
2493,Amy Ryan
2494,Amy Ryan
2495,Amy Ryan
2496,Amy Ryan
2497,Amy Ryan
2498,Amy Ryan
2499,Amy Ryan
2500,Amy Ryan
2501,Amy Ryan
2502,Amy Ryan
2503,Amy Ryan
2504,Amy Ryan
2505,Amy Ryan
2506,Amy Ryan
2507,Amy Ryan
2508,Amy Ryan
2509,Amy Ryan
2510,Amy Ryan
2511,Amy Ryan
2512,Amy Ryan
2513,Amy Ryan
2514,Amy Ryan
2515,Amy Ryan
2516,Amy Ryan
2517,Amy Ryan
2518,Amy Ryan
2519,Amy Ryan
2520,Amy Ryan
2521,Amy Ryan
2522,Amy Ryan
2523,Amy Ryan
2524,Amy Ryan
2525,Amy Ryan
2526,Amy Ryan
2527,Amy Ryan
2528,Amy Ryan
2529,Amy Ryan
2530,Amy Ryan
2531,Amy Ryan
2532,Amy Ryan
2533,Amy Ryan
2534,Amy Ryan
2535,Amy Ryan
2536,Amy Ryan
2537,Amy Ryan
2538,Amy Ryan
2539,Amy Ryan
2540,Amy Ryan
2541,Amy Ryan
2542,Amy Ryan
2543,Amy Ryan
2544,Amy Ryan
2545,Amy Ryan
2546,Amy Ryan
2547,Amy Ryan
2548,Amy Ryan
2549,Amy Ryan
2550,Amy Ryan
2551,Amy Ryan
2552,Amy Ryan
2553,Amy Ryan
2554,Amy Ryan
2555,Amy Ryan
2556,Amy Ryan
2557,Amy Ryan
2558,Amy Ryan
2559,Amy Ryan
2560,Amy Ryan
2561,Amy Ryan
2562,Amy Ryan
2563,Amy Ryan
2564,Amy Ryan
2565,Amy Ryan
2566,Amy Ryan
2567,Amy Ryan
2568,Amy Ryan
2569,Amy Ryan
2570,Amy Ryan
2571,Amy Ryan
2572,Amy Ryan
2573,Amy Ryan
2574,Amy Ryan
2575,Amy Ryan
2576,Amy Ryan
2577,Amy Ryan
2578,Amy Ryan
2579,Amy Ryan
2580,Amy Ryan
2581,Amy Ryan
2582,Amy Ryan
2583,Amy Ryan
2584,Amy Ryan
2585,Amy Ryan
2586,Amy Ryan
2587,Amy Ryan
2588,Amy Ryan
2589,Amy Ryan
2590,Amy Ryan
2591,Amy Ryan
2592,Amy Ryan
2593,Amy Ryan
2594,Amy Ryan
2595,Amy Ryan
2596,Amy Ryan
2597,Amy Ryan
2598,Amy Ryan
2599,Amy Ryan
2600,Amy Ryan
2601,Amy Ryan
2602,Amy Ryan
2603,Amy Ryan
2604,Amy Ryan
2605,Amy Ryan
2606,Amy Ryan
2607,Amy Ryan
2608,Amy Ryan
2609,Amy Ryan
2610,Amy Ryan
2611,Amy Ryan
2612,Amy Ryan
2613,Amy Ryan
2614,Amy Ryan
2615,Amy Ryan
2616,Amy Ryan
2617,Amy Ryan
2618,Amy Ryan
2619,Amy Ryan
2620,Amy Ryan
2621,Amy Ryan
2622,Amy Ryan
2623,Amy Ryan
2624,Amy Ryan
2625,Amy Ryan
2626,Amy Ryan
2627,Amy Ryan
2628,Amy Ryan
2629,Amy Ryan
2630,Amy Ryan
2631,Amy Ryan
2632,Amy Ryan
2633,Amy Ryan
2634,Amy Ryan
2635,Amy Ryan
2636,Amy Ryan
2637,Amy Ryan
2638,Amy Ryan
2639,Amy Ryan
2640,Amy Ryan
2641,Amy Ryan
2642,Amy Ryan
2643,Amy Ryan
2644,Amy Ryan
2645,Amy Ryan
2646,Amy Ryan
2647,Amy Ryan
2648,Amy Ryan
2649,Amy Ryan
2650,Amy Ryan
2651,Amy Ryan
2652,Amy Ryan
2653,Amy Ryan
2654,Amy Ryan
2655,Amy Ryan
2656,Amy Ryan
2657,Amy Ryan
2658,Amy Ryan
2659,Amy Ryan
2660,Amy Ryan
2661,Amy Ryan
2662,Amy Ryan
2663,Amy Ryan
2664,Amy Ryan
2665,Amy Ryan
2666,Amy Ryan
2667,Amy Ryan
2668,Amy Ryan
2669,Amy Ryan
2670,Amy Ryan
2671,Amy Ryan
2672,Amy Ryan
2673,Amy Ryan
2674,Amy Ryan
2675,Amy Ryan
2676,Amy Ryan
2677,Amy Ryan
2678,Amy Ryan
2679,Amy Ryan
2680,Amy Ryan
2681,Amy Ryan
2682,Amy Ryan
2683,Amy Ryan
2684,Amy Ryan
2685,Amy Ryan
2686,Amy Ryan
2687,Amy Ryan
2688,Amy Ryan
2689,Amy Ryan
2690,Amy Ryan
2691,Amy Ryan
2692,Amy Ryan
2693,Amy Ryan
2694,Amy Ryan
2695,Amy Ryan
2696,Amy Ryan
2697,Amy Ryan
2698,Amy Ryan
2699,Amy Ryan
2700,Amy Ryan
2701,Amy Ryan
2702,Amy Ryan
2703,Amy Ryan
2704,Amy Ryan
2705,Amy Ryan
2706,Amy Ryan
2707,Amy Ryan
2708,Amy Ryan
2709,Amy Ryan
2710,Amy Ryan
2711,Amy Ryan
2712,Amy Ryan
2713,Amy Ryan
2714,Amy Ryan
2715,Amy Ryan
2716,Amy Ryan
2717,Amy Ryan
2718,Amy Ryan
2719,Amy Ryan
2720,Amy Ryan
2721,Amy Ryan
2722,Amy Ryan
2723,Amy Ryan
2724,Amy Ryan
2725,Amy Ryan
2726,Amy Ryan
2727,Amy Ryan
2728,Amy Ryan
2729,Amy Ryan
2730,Amy Ryan
2731,Amy Ryan
2732,Amy Ryan
2733,Amy Ryan
2734,Amy Ryan
2735,Amy Ryan
2736,Amy Ryan
2737,Amy Ryan
2738,Amy Ryan
2739,Amy Ryan
2740,Amy Ryan
2741,Amy Ryan
2742,Amy Ryan
2743,Amy Ryan
2744,Amy Ryan
2745,Amy Ryan
2746,Amy Ryan
2747,Amy Ryan
2748,Amy Ryan
2749,Amy Ryan
2750,Amy Ryan
2751,Amy Ryan
2752,Amy Ryan
2753,Amy Ryan
2754,Amy Ryan
2755,Amy Ryan
2756,Amy Ryan
2757,Amy Ryan
2758,Amy Ryan
2759,Amy Ryan
2760,Amy Ryan
2761,Amy Ryan
2762,Amy Ryan
2763,Amy Ryan
2764,Amy Ryan
2765,Amy Ryan
2766,Amy Ryan
2767,Amy Ryan
2768,Amy Ryan
2769,Amy Ryan
2770,Amy Ryan
2771,Amy Ryan
2772,Amy Ryan
2773,Amy Ryan
2774,Amy Ryan
2775,Amy Ryan
2776,Amy Ryan
2777,Amy Ryan
2778,Amy Ryan
2779,Amy Ryan
2780,Amy Ryan
2781,Amy Ryan
2782,Amy Ryan
2783,Amy Ryan
2784,Amy Ryan
2785,Amy Ryan
2786,Amy Ryan
2787,Amy Ryan
2788,Amy Ryan
2789,Amy Ryan
2790,Amy Ryan
2791,Amy Ryan
2792,Amy Ryan
2793,Amy Ryan
2794,Amy Ryan
2795,Amy Ryan
2796,Amy Ryan
2797,Amy Ryan
2798,Amy Ryan
2799,Amy Ryan
2800,Amy Ryan
2801,Amy Ryan
2802,Amy Ryan
2803,Amy Ryan
2804,Amy Ryan
2805,Amy Ryan
2806,Amy Ryan
2807,Amy Ryan
2808,Amy Ryan
2809,Amy Ryan
2810,Amy Ryan
2811,Amy Ryan
2812,Amy Ryan
2813,Amy Ryan
2814,Amy Ryan
2815,Amy Ryan
2816,Amy Ryan
2817,Amy Ryan
2818,Amy Ryan
2819,Amy Ryan
2820,Amy Ryan
2821,Amy Ryan
2822,Amy Ryan
2823,Amy Ryan
2824,Amy Ryan
2825,Amy Ryan
2826,Amy Ryan
2827,Amy Ryan
2828,Amy Ryan
2829,Amy Ryan
2830,Amy Ryan
2831,Amy Ryan
2832,Amy Ryan
2833,Amy Ryan
2834,Amy Ryan
2835,Amy Ryan
2836,Amy Ryan
2837,Amy Ryan
2838,Amy Ryan
2839,Amy Ryan
2840,Amy Ryan
2841,Amy Ryan
2842,Amy Ryan
2843,Amy Ryan
2844,Amy Ryan
2845,Amy Ryan
2846,Amy Ryan
2847,Amy Ryan
2848,Amy Ryan
2849,Amy Ryan
2850,Amy Ryan
2851,Amy Ryan
2852,Amy Ryan
2853,Amy Ryan
2854,Amy Ryan
2855,Amy Ryan
2856,Amy Ryan
2857,Amy Ryan
2858,Amy Ryan
2859,Amy Ryan
2860,Amy Ryan
2861,Amy Ryan
2862,Amy Ryan
2863,Amy Ryan
2864,Amy Ryan
2865,Amy Ryan
2866,Amy Ryan
2867,Amy Ryan
2868,Amy Ryan
2869,Amy Ryan
2870,Amy Ryan
2871,Amy Ryan
2872,Amy Ryan
2873,Amy Ryan
2874,Amy Ryan
2875,Amy Ryan
2876,Amy Ryan
2877,Amy Ryan
2878,Amy Ryan
2879,Amy Ryan
2880,Amy Ryan
2881,Amy Ryan
2882,Amy Ryan
2883,Amy Ryan
2884,Amy Ryan
2885,Amy Ryan
2886,Amy Ryan
2887,Amy Ryan
2888,Amy Ryan
2889,Amy Ryan
2890,Amy Ryan
2891,Amy Ryan
2892,Amy Ryan
2893,Amy Ryan
2894,Amy Ryan
2895,Amy Ryan
2896,Amy Ryan
2897,Amy Ryan
2898,Amy Ryan
2899,Amy Ryan
2900,Amy Ryan
2901,Amy Ryan
2902,Amy Ryan
2903,Amy Ryan
2904,Amy Ryan
2905,Amy Ryan
2906,Amy Ryan
2907,Amy Ryan
2908,Amy Ryan
2909,Amy Ryan
2910,Amy Ryan
2911,Amy Ryan
2912,Amy Ryan
2913,Amy Ryan
2914,Amy Ryan
2915,Amy Ryan
2916,Amy Ryan
2917,Amy Ryan
2918,Amy Ryan
2919,Amy Ryan
2920,Amy Ryan
2921,Amy Ryan
2922,Amy Ryan
2923,Amy Ryan
2924,Amy Ryan
2925,Amy Ryan
2926,Amy Ryan
2927,Amy Ryan
2928,Amy Ryan
2929,Amy Ryan
2930,Amy Ryan
2931,Amy Ryan
2932,Amy Ryan
2933,Amy Ryan
2934,Amy Ryan
2935,Amy Ryan
2936,Amy Ryan
2937,Amy Ryan
2938,Amy Ryan
2939,Amy Ryan
2940,Amy Ryan
2941,Amy Ryan
2942,Amy Ryan
2943,Amy Ryan
2944,Amy Ryan
2945,Amy Ryan
2946,Amy Ryan
2947,Amy Ryan
2948,Amy Ryan
2949,Amy Ryan
2950,Amy Ryan
2951,Amy Ryan
2952,Amy Ryan
2953,Amy Ryan
2954,Amy Ryan
2955,Amy Ryan
2956,Amy Ryan
2957,Amy Ryan
2958,Amy Ryan
2959,Amy Ryan
2960,Amy Ryan
2961,Amy Ryan
2962,Amy Ryan
2963,Amy Ryan
2964,Amy Ryan
2965,Amy Ryan
2966,Amy Ryan
2967,Amy Ryan
2968,Amy Ryan
2969,Amy Ryan
2970,Amy Ryan
2971,Amy Ryan
2972,Amy Ryan
2973,Amy Ryan
2974,Amy Ryan
2975,Amy Ryan
2976,Amy Ryan
2977,Amy Ryan
2978,Amy Ryan
2979,Amy Ryan
2980,Amy Ryan
2981,Amy Ryan
2982,Amy Ryan
2983,Amy Ryan
2984,Amy Ryan
2985,Amy Ryan
2986,Amy Ryan
2987,Amy Ryan
2988,Amy Ryan
2989,Amy Ryan
2990,Amy Ryan
2991,Amy Ryan
2992,Amy Ryan
2993,Amy Ryan
2994,Amy Ryan
2995,Amy Ryan
2996,Amy Ryan
2997,Amy Ryan
2998,Amy Ryan
2999,Amy Ryan
3000,Amy Ryan
3001,Amy Ryan
3002,Amy Ryan
3003,Amy Ryan
3004,Amy Ryan
3005,Amy Ryan
3006,Amy Ryan
3007,Amy Ryan
3008,Amy Ryan
3009,Amy Ryan
3010,Amy Ryan
3011,Amy Ryan
3012,Amy Ryan
3013,Amy Ryan
3014,Amy Ryan
3015,Amy Ryan
3016,Amy Ryan
3017,Amy Ryan
3018,Amy Ryan
3019,Amy Ryan
3020,Amy Ryan
3021,Amy Ryan
3022,Amy Ryan
3023,Amy Ryan
3024,Amy Ryan
3025,Amy Ryan
3026,Amy Ryan
3027,Amy Ryan
3028,Amy Ryan
3029,Amy Ryan
3030,Amy Ryan
3031,Amy Ryan
3032,Amy Ryan
3033,Amy Ryan
3034,Amy Ryan
3035,Amy Ryan
3036,Amy Ryan
3037,Amy Ryan
3038,Amy Ryan
3039,Amy Ryan
3040,Amy Ryan
3041,Amy Ryan
3042,Amy Ryan
3043,Amy Ryan
3044,Amy Ryan
3045,Amy Ryan
3046,Amy Ryan
3047,Amy Ryan
3048,Amy Ryan
3049,Amy Ryan
3050,Amy Ryan
3051,Amy Ryan
3052,Amy Ryan
3053,Amy Ryan
3054,Amy Ryan
3055,Amy Ryan
3056,Amy Ryan
3057,Amy Ryan
3058,Amy Ryan
3059,Amy Ryan
3060,Amy Ryan
3061,Amy Ryan
3062,Amy Ryan
3063,Amy Ryan
3064,Amy Ryan
3065,Amy Ryan
3066,Amy Ryan
3067,Amy Ryan
3068,Amy Ryan
3069,Amy Ryan
3070,Amy Ryan
3071,Amy Ryan
3072,Amy Ryan
3073,Amy Ryan
3074,Amy Ryan
3075,Amy Ryan
3076,Amy Ryan
3077,Amy Ryan
3078,Amy Ryan
3079,Amy Ryan
3080,Amy Ryan
3081,Amy Ryan
3082,Amy Ryan
3083,Amy Ryan
3084,Amy Ryan
3085,Amy Ryan
3086,Amy Ryan
3087,Amy Ryan
3088,Amy Ryan
3089,Amy Ryan
3090,Amy Ryan
3091,Amy Ryan
3092,Amy Ryan
3093,Amy Ryan
3094,Amy Ryan
3095,Amy Ryan
3096,Amy Ryan
3097,Amy Ryan
3098,Amy Ryan
3099,Amy Ryan
3100,Amy Ryan
3101,Amy Ryan
3102,Amy Ryan
3103,Amy Ryan
3104,Amy Ryan
3105,Amy Ryan
3106,Amy Ryan
3107,Amy Ryan
3108,Amy Ryan
3109,Amy Ryan
3110,Amy Ryan
3111,Amy Ryan
3112,Amy Ryan
3113,Amy Ryan
3114,Amy Ryan
3115,Amy Ryan
3116,Amy Ryan
3117,Amy Ryan
3118,Amy Ryan
3119,Amy Ryan
3120,Amy Ryan
3121,Amy Ryan
3122,Amy Ryan
3123,Amy Ryan
3124,Amy Ryan
3125,Amy Ryan
3126,Amy Ryan
3127,Amy Ryan
3128,Amy Ryan
3129,Amy Ryan
3130,Amy Ryan
3131,Amy Ryan
3132,Amy Ryan
3133,Amy Ryan
3134,Amy Ryan
3135,Amy Ryan
3136,Amy Ryan
3137,Amy Ryan
3138,Amy Ryan
3139,Amy Ryan
3140,Amy Ryan
3141,Amy Ryan
3142,Amy Ryan
3143,Amy Ryan
3144,Amy Ryan
3145,Amy Ryan
3146,Amy Ryan
3147,Amy Ryan
3148,Amy Ryan
3149,Amy Ryan
3150,Amy Ryan
3151,Amy Ryan
3152,Amy Ryan
3153,Amy Ryan
3154,Amy Ryan
3155,Amy Ryan
3156,Amy Ryan
3157,Amy Ryan
3158,Amy Ryan
3159,Amy Ryan
3160,Amy Ryan
3161,Amy Ryan
3162,Amy Ryan
3163,Amy Ryan
3164,Amy Ryan
3165,Amy Ryan
3166,Amy Ryan
3167,Amy Ryan
3168,Amy Ryan
3169,Amy Ryan
3170,Amy Ryan
3171,Amy Ryan
3172,Amy Ryan
3173,Amy Ryan
3174,Amy Ryan
3175,Amy Ryan
3176,Amy Ryan
3177,Amy Ryan
3178,Amy Ryan
3179,Amy Ryan
3180,Amy Ryan
3181,Amy Ryan
3182,Amy Ryan
3183,Amy Ryan
3184,Amy Ryan
3185,Amy Ryan
3186,Amy Ryan
3187,Amy Ryan
3188,Amy Ryan
3189,Amy Ryan
3190,Amy Ryan
3191,Amy Ryan
3192,Amy Ryan
3193,Amy Ryan
3194,Amy Ryan
3195,Amy Ryan
3196,Amy Ryan
3197,Amy Ryan
3198,Amy Ryan
3199,Amy Ryan
3200,Amy Ryan
3201,Amy Ryan
3202,Amy Ryan
3203,Amy Ryan
3204,Amy Ryan
3205,Amy Ryan
3206,Amy Ryan
3207,Amy Ryan
3208,Amy Ryan
3209,Amy Ryan
3210,Amy Ryan
3211,Amy Ryan
3212,Amy Ryan
3213,Amy Ryan
3214,Amy Ryan
3215,Amy Ryan
3216,Amy Ryan
3217,Amy Ryan
3218,Amy Ryan
3219,Amy Ryan
3220,Amy Ryan
3221,Amy Ryan
3222,Amy Ryan
3223,Amy Ryan
3224,Amy Ryan
3225,Amy Ryan
3226,Amy Ryan
3227,Amy Ryan
3228,Amy Ryan
3229,Amy Ryan
3230,Amy Ryan
3231,Amy Ryan
3232,Amy Ryan
3233,Amy Ryan
3234,Amy Ryan
3235,Amy Ryan
3236,Amy Ryan
3237,Amy Ryan
3238,Amy Ryan
3239,Amy Ryan
3240,Amy Ryan
3241,Amy Ryan
3242,Amy Ryan
3243,Amy Ryan
3244,Amy Ryan
3245,Amy Ryan
3246,Amy Ryan
3247,Amy Ryan
3248,Amy Ryan
3249,Amy Ryan
3250,Amy Ryan
3251,Amy Ryan
3252,Amy Ryan
3253,Amy Ryan
3254,Amy Ryan
3255,Amy Ryan
3256,Amy Ryan
3257,Amy Ryan
3258,Amy Ryan
3259,Amy Ryan
3260,Amy Ryan
3261,Amy Ryan
3262,Amy Ryan
3263,Amy Ryan
3264,Amy Ryan
3265,Amy Ryan
3266,Amy Ryan
3267,Amy Ryan
3268,Amy Ryan
3269,Amy Ryan
3270,Amy Ryan
3271,Amy Ryan
3272,Amy Ryan
3273,Amy Ryan
3274,Amy Ryan
3275,Amy Ryan
3276,Amy Ryan
3277,Amy Ryan
3278,Amy Ryan
3279,Amy Ryan
3280,Amy Ryan
3281,Amy Ryan
3282,Amy Ryan
3283,Amy Ryan
3284,Amy Ryan
3285,Amy Ryan
3286,Amy Ryan
3287,Amy Ryan
3288,Amy Ryan
3289,Amy Ryan
3290,Amy Ryan
3291,Amy Ryan
3292,Amy Ryan
3293,Amy Ryan
3294,Amy Ryan
3295,Amy Ryan
3296,Amy Ryan
3297,Amy Ryan
3298,Amy Ryan
3299,Amy Ryan
3300,Amy Ryan
3301,Amy Ryan
3302,Amy Ryan
3303,Amy Ryan
3304,Amy Ryan
3305,Amy Ryan
3306,Amy Ryan
3307,Amy Ryan
3308,Amy Ryan
3309,Amy Ryan
3310,Amy Ryan
3311,Amy Ryan
3312,Amy Ryan
3313,Amy Ryan
3314,Amy Ryan
3315,Amy Ryan
3316,Amy Ryan
3317,Amy Ryan
3318,Amy Ryan
3319,Amy Ryan
3320,Amy Ryan
3321,Amy Ryan
3322,Amy Ryan
3323,Amy Ryan
3324,Amy Ryan
3325,Amy Ryan
3326,Amy Ryan
3327,Amy Ryan
3328,Amy Ryan
3329,Amy Ryan
3330,Amy Ryan
3331,Amy Ryan
3332,Amy Ryan
3333,Amy Ryan
3334,Amy Ryan
3335,Amy Ryan
3336,Amy Ryan
3337,Amy Ryan
3338,Amy Ryan
3339,Amy Ryan
3340,Amy Ryan
3341,Amy Ryan
3342,Amy Ryan
3343,Amy Ryan
3344,Amy Ryan
3345,Amy Ryan
3346,Amy Ryan
3347,Amy Ryan
3348,Amy Ryan
3349,Amy Ryan
3350,Amy Ryan
3351,Amy Ryan
3352,Amy Ryan
3353,Amy Ryan
3354,Amy Ryan
3355,Amy Ryan
3356,Amy Ryan
3357,Amy Ryan
3358,Amy Ryan
3359,Amy Ryan
3360,Amy Ryan
3361,Amy Ryan
3362,Amy Ryan
3363,Amy Ryan
3364,Amy Ryan
3365,Amy Ryan
3366,Amy Ryan
3367,Amy Ryan
3368,Amy Ryan
3369,Amy Ryan
3370,Amy Ryan
3371,Amy Ryan
3372,Amy Ryan
3373,Amy Ryan
3374,Amy Ryan
3375,Amy Ryan
3376,Amy Ryan
3377,Amy Ryan
3378,Amy Ryan
3379,Amy Ryan
3380,Amy Ryan
3381,Amy Ryan
3382,Amy Ryan
3383,Amy Ryan
3384,Amy Ryan
3385,Amy Ryan
3386,Amy Ryan
3387,Amy Ryan
3388,Amy Ryan
3389,Amy Ryan
3390,Amy Ryan
3391,Amy Ryan
3392,Amy Ryan
3393,Amy Ryan
3394,Amy Ryan
3395,Amy Ryan
3396,Amy Ryan
3397,Amy Ryan
3398,Amy Ryan
3399,Amy Ryan
3400,Amy Ryan
3401,Amy Ryan
3402,Amy Ryan
3403,Amy Ryan
3404,Amy Ryan
3405,Amy Ryan
3406,Amy Ryan
3407,Amy Ryan
3408,Amy Ryan
3409,Amy Ryan
3410,Amy Ryan
3411,Amy Ryan
3412,Amy Ryan
3413,Amy Ryan
3414,Amy Ryan
3415,Amy Ryan
3416,Amy Ryan
3417,Amy Ryan
3418,Amy Ryan
3419,Amy Ryan
3420,Amy Ryan
3421,Amy Ryan
3422,Amy Ryan
3423,Amy Ryan
3424,Amy Ryan
3425,Amy Ryan
3426,Amy Ryan
3427,Amy Ryan
3428,Amy Ryan
3429,Amy Ryan
3430,Amy Ryan
3431,Amy Ryan
3432,Amy Ryan
3433,Amy Ryan
3434,Amy Ryan
3435,Amy Ryan
3436,Amy Ryan
3437,Amy Ryan
3438,Amy Ryan
3439,Amy Ryan
3440,Amy Ryan
3441,Amy Ryan
3442,Amy Ryan
3443,Amy Ryan
3444,Amy Ryan
3445,Amy Ryan
3446,Amy Ryan
3447,Amy Ryan
3448,Amy Ryan
3449,Amy Ryan
3450,Amy Ryan
3451,Amy Ryan
3452,Amy Ryan
3453,Amy Ryan
3454,Amy Ryan
3455,Amy Ryan
3456,Amy Ryan
3457,Amy Ryan
3458,Amy Ryan
3459,Amy Ryan
3460,Amy Ryan
3461,Amy Ryan
3462,Amy Ryan
3463,Amy Ryan
3464,Amy Ryan
3465,Amy Ryan
3466,Amy Ryan
3467,Amy Ryan
3468,Amy Ryan
3469,Amy Ryan
3470,Amy Ryan
3471,Amy Ryan
3472,Amy Ryan
3473,Amy Ryan
3474,Amy Ryan
3475,Amy Ryan
3476,Amy Ryan
3477,Amy Ryan
3478,Amy Ryan
3479,Amy Ryan
3480,Amy Ryan
3481,Amy Ryan
3482,Amy Ryan
3483,Amy Ryan
3484,Amy Ryan
3485,Amy Ryan
3486,Amy Ryan
3487,Amy Ryan
3488,Amy Ryan
3489,Amy Ryan
3490,Amy Ryan
3491,Amy Ryan
3492,Amy Ryan
3493,Amy Ryan
3494,Amy Ryan
3495,Amy Ryan
3496,Amy Ryan
3497,Amy Ryan
3498,Amy Ryan
3499,Amy Ryan
3500,Amy Ryan
3501,Amy Ryan
3502,Amy Ryan
3503,Amy Ryan
3504,Amy Ryan
3505,Amy Ryan
3506,Amy Ryan
3507,Amy Ryan
3508,Amy Ryan
3509,Amy Ryan
3510,Amy Ryan
3511,Amy Ryan
3512,Amy Ryan
3513,Amy Ryan
3514,Amy Ryan
3515,Amy Ryan
3516,Amy Ryan
3517,Amy Ryan
3518,Amy Ryan
3519,Amy Ryan
3520,Amy Ryan
3521,Amy Ryan
3522,Amy Ryan
3523,Amy Ryan
3524,Amy Ryan
3525,Amy Ryan
3526,Amy Ryan
3527,Amy Ryan
3528,Amy Ryan
3529,Amy Ryan
3530,Amy Ryan
3531,Amy Ryan
3532,Amy Ryan
3533,Amy Ryan
3534,Amy Ryan
3535,Amy Ryan
3536,Amy Ryan
3537,Amy Ryan
3538,Amy Ryan
3539,Amy Ryan
3540,Amy Ryan
3541,Amy Ryan
3542,Amy Ryan
3543,Amy Ryan
3544,Amy Ryan
3545,Amy Ryan
3546,Amy Ryan
3547,Amy Ryan
3548,Amy Ryan
3549,Amy Ryan
3550,Amy Ryan
3551,Amy Ryan
3552,Amy Ryan
3553,Amy Ryan
3554,Amy Ryan
3555,Amy Ryan
3556,Amy Ryan
3557,Amy Ryan
3558,Amy Ryan
3559,Amy Ryan
3560,Amy Ryan
3561,Amy Ryan
3562,Amy Ryan
3563,Amy Ryan
3564,Amy Ryan
3565,Amy Ryan
3566,Amy Ryan
3567,Amy Ryan
3568,Amy Ryan
3569,Amy Ryan
3570,Amy Ryan
3571,Amy Ryan
3572,Amy Ryan
3573,Amy Ryan
3574,Amy Ryan
3575,Amy Ryan
3576,Amy Ryan
3577,Amy Ryan
3578,Amy Ryan
3579,Amy Ryan
3580,Amy Ryan
3581,Amy Ryan
3582,Amy Ryan
3583,Amy Ryan
3584,Amy Ryan
3585,Amy Ryan
3586,Amy Ryan
3587,Amy Ryan
3588,Amy Ryan
3589,Amy Ryan
3590,Amy Ryan
3591,Amy Ryan
3592,Amy Ryan
3593,Amy Ryan
3594,Amy Ryan
3595,Amy Ryan
3596,Amy Ryan
3597,Amy Ryan
3598,Amy Ryan
3599,Amy Ryan
3600,Amy Ryan
3601,Amy Ryan
3602,Amy Ryan
3603,Amy Ryan
3604,Amy Ryan
3605,Amy Ryan
3606,Amy Ryan
3607,Amy Ryan
3608,Amy Ryan
3609,Amy Ryan
3610,Amy Ryan
3611,Amy Ryan
3612,Amy Ryan
3613,Amy Ryan
3614,Amy Ryan
3615,Amy Ryan
3616,Amy Ryan
3617,Amy Ryan
3618,Amy Ryan
3619,Amy Ryan
3620,Amy Ryan
3621,Amy Ryan
3622,Amy Ryan
3623,Amy Ryan
3624,Amy Ryan
3625,Amy Ryan
3626,Amy Ryan
3627,Amy Ryan
3628,Amy Ryan
3629,Amy Ryan
3630,Amy Ryan
3631,Amy Ryan
3632,Amy Ryan
3633,Amy Ryan
3634,Amy Ryan
3635,Amy Ryan
3636,Amy Ryan
3637,Amy Ryan
3638,Amy Ryan
3639,Amy Ryan
3640,Amy Ryan
3641,Amy Ryan
3642,Amy Ryan
3643,Amy Ryan
3644,Amy Ryan
3645,Amy Ryan
3646,Amy Ryan
3647,Amy Ryan
3648,Amy Ryan
3649,Amy Ryan
3650,Amy Ryan
3651,Amy Ryan
3652,Amy Ryan
3653,Amy Ryan
3654,Amy Ryan
3655,Amy Ryan
3656,Amy Ryan
3657,Amy Ryan
3658,Amy Ryan
3659,Amy Ryan
3660,Amy Ryan
3661,Amy Ryan
3662,Amy Ryan
3663,Amy Ryan
3664,Amy Ryan
3665,Amy Ryan
3666,Amy Ryan
3667,Amy Ryan
3668,Amy Ryan
3669,Amy Ryan
3670,Amy Ryan
3671,Amy Ryan
3672,Amy Ryan
3673,Amy Ryan
3674,Amy Ryan
3675,Amy Ryan
3676,Amy Ryan
3677,Amy Ryan
3678,Amy Ryan
3679,Amy Ryan
3680,Amy Ryan
3681,Amy Ryan
3682,Amy Ryan
3683,Amy Ryan
3684,Amy Ryan
3685,Amy Ryan
3686,Amy Ryan
3687,Amy Ryan
3688,Amy Ryan
3689,Amy Ryan
3690,Amy Ryan
3691,Amy Ryan
3692,Amy Ryan
3693,Amy Ryan
3694,Amy Ryan
3695,Amy Ryan
3696,Amy Ryan
3697,Amy Ryan
3698,Amy Ryan
3699,Amy Ryan
3700,Amy Ryan
3701,Amy Ryan
3702,Amy Ryan
3703,Amy Ryan
3704,Amy Ryan
3705,Amy Ryan
3706,Amy Ryan
3707,Amy Ryan
3708,Amy Ryan
3709,Amy Ryan
3710,Amy Ryan
3711,Amy Ryan
3712,Amy Ryan
3713,Amy Ryan
3714,Amy Ryan
3715,Amy Ryan
3716,Amy Ryan
3717,Amy Ryan
3718,Amy Ryan
3719,Amy Ryan
3720,Amy Ryan
3721,Amy Ryan
3722,Amy Ryan
3723,Amy Ryan
3724,Amy Ryan
3725,Amy Ryan
3726,Amy Ryan
3727,Amy Ryan
3728,Amy Ryan
3729,Amy Ryan
3730,Amy Ryan
3731,Amy Ryan
3732,Amy Ryan
3733,Amy Ryan
3734,Amy Ryan
3735,Amy Ryan
3736,Amy Ryan
3737,Amy Ryan
3738,Amy Ryan
3739,Amy Ryan
3740,Amy Ryan
3741,Amy Ryan
3742,Amy Ryan
3743,Amy Ryan
3744,Amy Ryan
3745,Amy Ryan
3746,Amy Ryan
3747,Amy Ryan
3748,Amy Ryan
3749,Amy Ryan
3750,Amy Ryan
3751,Amy Ryan
3752,Amy Ryan
3753,Amy Ryan
3754,Amy Ryan
3755,Amy Ryan
3756,Amy Ryan
3757,Amy Ryan
3758,Amy Ryan
3759,Amy Ryan
3760,Amy Ryan
3761,Amy Ryan
3762,Amy Ryan
3763,Amy Ryan
3764,Amy Ryan
3765,Amy Ryan
3766,Amy Ryan
3767,Amy Ryan
3768,Amy Ryan
3769,Amy Ryan
3770,Amy Ryan
3771,Amy Ryan
3772,Amy Ryan
3773,Amy Ryan
3774,Amy Ryan
3775,Amy Ryan
3776,Amy Ryan
3777,Amy Ryan
3778,Amy Ryan
3779,Amy Ryan
3780,Amy Ryan
3781,Amy Ryan
3782,Amy Ryan
3783,Amy Ryan
3784,Amy Ryan
3785,Amy Ryan
3786,Amy Ryan
3787,Amy Ryan
3788,Amy Ryan
3789,Amy Ryan
3790,Amy Ryan
3791,Amy Ryan
3792,Amy Ryan
3793,Amy Ryan
3794,Amy Ryan
3795,Amy Ryan
3796,Amy Ryan
3797,Amy Ryan
3798,Amy Ryan
3799,Amy Ryan
3800,Amy Ryan
3801,Amy Ryan
3802,Amy Ryan
3803,Amy Ryan
3804,Amy Ryan
3805,Amy Ryan
3806,Amy Ryan
3807,Amy Ryan
3808,Amy Ryan
3809,Amy Ryan
3810,Amy Ryan
3811,Amy Ryan
3812,Amy Ryan
3813,Amy Ryan
3814,Amy Ryan
3815,Amy Ryan
3816,Amy Ryan
3817,Amy Ryan
3818,Amy Ryan
3819,Amy Ryan
3820,Amy Ryan
3821,Amy Ryan
3822,Amy Ryan
3823,Amy Ryan
3824,Amy Ryan
3825,Amy Ryan
3826,Amy Ryan
3827,Amy Ryan
3828,Amy Ryan
3829,Amy Ryan
3830,Amy Ryan
3831,Amy Ryan
3832,Amy Ryan
3833,Amy Ryan
3834,Amy Ryan
3835,Amy Ryan
3836,Amy Ryan
3837,Amy Ryan
3838,Amy Ryan
3839,Amy Ryan
3840,Amy Ryan
3841,Amy Ryan
3842,Amy Ryan
3843,Amy Ryan
3844,Amy Ryan
3845,Amy Ryan
3846,Amy Ryan
3847,Amy Ryan
3848,Amy Ryan
3849,Amy Ryan
3850,Amy Ryan
3851,Amy Ryan
3852,Amy Ryan
3853,Amy Ryan
3854,Amy Ryan
3855,Amy Ryan
3856,Amy Ryan
3857,Amy Ryan
3858,Amy Ryan
3859,Amy Ryan
3860,Amy Ryan
3861,Amy Ryan
3862,Amy Ryan
3863,Amy Ryan
3864,Amy Ryan
3865,Amy Ryan
3866,Amy Ryan
3867,Amy Ryan
3868,Amy Ryan
3869,Amy Ryan
3870,Amy Ryan
3871,Amy Ryan
3872,Amy Ryan
3873,Amy Ryan
3874,Amy Ryan
3875,Amy Ryan
3876,Amy Ryan
3877,Amy Ryan
3878,Amy Ryan
3879,Amy Ryan
3880,Amy Ryan
3881,Amy Ryan
3882,Amy Ryan
3883,Amy Ryan
3884,Amy Ryan
3885,Amy Ryan
3886,Amy Ryan
3887,Amy Ryan
3888,Amy Ryan
3889,Amy Ryan
3890,Amy Ryan
3891,Amy Ryan
3892,Amy Ryan
3893,Amy Ryan
3894,Amy Ryan
3895,Amy Ryan
3896,Amy Ryan
3897,Amy Ryan
3898,Amy Ryan
3899,Amy Ryan
3900,Amy Ryan
3901,Amy Ryan
3902,Amy Ryan
3903,Amy Ryan
3904,Amy Ryan
3905,Amy Ryan
3906,Amy Ryan
3907,Amy Ryan
3908,Amy Ryan
3909,Amy Ryan
3910,Amy Ryan
3911,Amy Ryan
3912,Amy Ryan
3913,Amy Ryan
3914,Amy Ryan
3915,Amy Ryan
3916,Amy Ryan
3917,Amy Ryan
3918,Amy Ryan
3919,Amy Ryan
3920,Amy Ryan
3921,Amy Ryan
3922,Amy Ryan
3923,Amy Ryan
3924,Amy Ryan
3925,Amy Ryan
3926,Amy Ryan
3927,Amy Ryan
3928,Amy Ryan
3929,Amy Ryan
3930,Amy Ryan
3931,Amy Ryan
3932,Amy Ryan
3933,Amy Ryan
3934,Amy Ryan
3935,Amy Ryan
3936,Amy Ryan
3937,Amy Ryan
3938,Amy Ryan
3939,Amy Ryan
3940,Amy Ryan
3941,Amy Ryan
3942,Amy Ryan
3943,Amy Ryan
3944,Amy Ryan
3945,Amy Ryan
3946,Amy Ryan
3947,Amy Ryan
3948,Amy Ryan
3949,Amy Ryan
3950,Amy Ryan
3951,Amy Ryan
3952,Amy Ryan
3953,Amy Ryan
3954,Amy Ryan
3955,Amy Ryan
3956,Amy Ryan
3957,Amy Ryan
3958,Amy Ryan
3959,Amy Ryan
3960,Amy Ryan
3961,Amy Ryan
3962,Amy Ryan
3963,Amy Ryan
3964,Amy Ryan
3965,Amy Ryan
3966,Amy Ryan
3967,Amy Ryan
3968,Amy Ryan
3969,Amy Ryan
3970,Amy Ryan
3971,Amy Ryan
3972,Amy Ryan
3973,Amy Ryan
3974,Amy Ryan
3975,Amy Ryan
3976,Amy Ryan
3977,Amy Ryan
3978,Amy Ryan
3979,Amy Ryan
3980,Amy Ryan
3981,Amy Ryan
3982,Amy Ryan
3983,Amy Ryan
3984,Amy Ryan
3985,Amy Ryan
3986,Amy Ryan
3987,Amy Ryan
3988,Amy Ryan
3989,Amy Ryan
3990,Amy Ryan
3991,Amy Ryan
3992,Amy Ryan
3993,Amy Ryan
3994,Amy Ryan
3995,Amy Ryan
3996,Amy Ryan
3997,Amy Ryan
3998,Amy Ryan
3999,Amy Ryan
4000,Amy Ryan
4001,Amy Ryan
4002,Amy Ryan
4003,Amy Ryan
4004,Amy Ryan
4005,Amy Ryan
4006,Amy Ryan
4007,Amy Ryan
4008,Amy Ryan
4009,Amy Ryan
4010,Amy Ryan
4011,Amy Ryan
4012,Amy Ryan
4013,Amy Ryan
4014,Amy Ryan
4015,Amy Ryan
4016,Amy Ryan
4017,Amy Ryan
4018,Amy Ryan
4019,Amy Ryan
4020,Amy Ryan
4021,Amy Ryan
4022,Amy Ryan
4023,Amy Ryan
4024,Amy Ryan
4025,Amy Ryan
4026,Amy Ryan
4027,Amy Ryan
4028,Amy Ryan
4029,Amy Ryan
4030,Amy Ryan
4031,Amy Ryan
4032,Amy Ryan
4033,Amy Ryan
4034,Amy Ryan
4035,Amy Ryan
4036,Amy Ryan
4037,Amy Ryan
4038,Amy Ryan
4039,Amy Ryan
4040,Amy Ryan
4041,Amy Ryan
4042,Amy Ryan
4043,Amy Ryan
4044,Amy Ryan
4045,Amy Ryan
4046,Amy Ryan
4047,Amy Ryan
4048,Amy Ryan
4049,Amy Ryan
4050,Amy Ryan
4051,Amy Ryan
4052,Amy Ryan
4053,Amy Ryan
4054,Amy Ryan
4055,Amy Ryan
4056,Amy Ryan
4057,Amy Ryan
4058,Amy Ryan
4059,Amy Ryan
4060,Amy Ryan
4061,Amy Ryan
4062,Amy Ryan
4063,Amy Ryan
4064,Amy Ryan
4065,Amy Ryan
4066,Amy Ryan
4067,Amy Ryan
4068,Amy Ryan
4069,Amy Ryan
4070,Amy Ryan
4071,Amy Ryan
4072,Amy Ryan
4073,Amy Ryan
4074,Amy Ryan
4075,Amy Ryan
4076,Amy Ryan
4077,Amy Ryan
4078,Amy Ryan
4079,Amy Ryan
4080,Amy Ryan
4081,Amy Ryan
4082,Amy Ryan
4083,Amy Ryan
4084,Amy Ryan
4085,Amy Ryan
4086,Amy Ryan
4087,Amy Ryan
4088,Amy Ryan
4089,Amy Ryan
4090,Amy Ryan
4091,Amy Ryan
4092,Amy Ryan
4093,Amy Ryan
4094,Amy Ryan
4095,Amy Ryan
4096,Amy Ryan
4097,Amy Ryan
4098,Amy Ryan
4099,Amy Ryan
4100,Amy Ryan
4101,Amy Ryan
4102,Amy Ryan
4103,Amy Ryan
4104,Amy Ryan
4105,Amy Ryan
4106,Amy Ryan
4107,Amy Ryan
4108,Amy Ryan
4109,Amy Ryan
4110,Amy Ryan
4111,Amy Ryan
4112,Amy Ryan
4113,Amy Ryan
4114,Amy Ryan
4115,Amy Ryan
4116,Amy Ryan
4117,Amy Ryan
4118,Amy Ryan
4119,Amy Ryan
4120,Amy Ryan
4121,Amy Ryan
4122,Amy Ryan
4123,Amy Ryan
4124,Amy Ryan
4125,Amy Ryan
4126,Amy Ryan
4127,Amy Ryan
4128,Amy Ryan
4129,Amy Ryan
4130,Amy Ryan
4131,Amy Ryan
4132,Amy Ryan
4133,Amy Ryan
4134,Amy Ryan
4135,Amy Ryan
4136,Amy Ryan
4137,Amy Ryan
4138,Amy Ryan
4139,Amy Ryan
4140,Amy Ryan
4141,Amy Ryan
4142,Amy Ryan
4143,Amy Ryan
4144,Amy Ryan
4145,Amy Ryan
4146,Amy Ryan
4147,Amy Ryan
4148,Amy Ryan
4149,Amy Ryan
4150,Amy Ryan
4151,Amy Ryan
4152,Amy Ryan
4153,Amy Ryan
4154,Amy Ryan
4155,Amy Ryan
4156,Amy Ryan
4157,Amy Ryan
4158,Amy Ryan
4159,Amy Ryan
4160,Amy Ryan
4161,Amy Ryan
4162,Amy Ryan
4163,Amy Ryan
4164,Amy Ryan
4165,Amy Ryan
4166,Amy Ryan
4167,Amy Ryan
4168,Amy Ryan
4169,Amy Ryan
4170,Amy Ryan
4171,Amy Ryan
4172,Amy Ryan
4173,Amy Ryan
4174,Amy Ryan
4175,Amy Ryan
4176,Amy Ryan
4177,Amy Ryan
4178,Amy Ryan
4179,Amy Ryan
4180,Amy Ryan
4181,Amy Ryan
4182,Amy Ryan
4183,Amy Ryan
4184,Amy Ryan
4185,Amy Ryan
4186,Amy Ryan
4187,Amy Ryan
4188,Amy Ryan
4189,Amy Ryan
4190,Amy Ryan
4191,Amy Ryan
4192,Amy Ryan
4193,Amy Ryan
4194,Amy Ryan
4195,Amy Ryan
4196,Amy Ryan
4197,Amy Ryan
4198,Amy Ryan
4199,Amy Ryan
4200,Amy Ryan
4201,Amy Ryan
4202,Amy Ryan
4203,Amy Ryan
4204,Amy Ryan
4205,Amy Ryan
4206,Amy Ryan
4207,Amy Ryan
4208,Amy Ryan
4209,Amy Ryan
4210,Amy Ryan
4211,Amy Ryan
4212,Amy Ryan
4213,Amy Ryan
4214,Amy Ryan
4215,Amy Ryan
4216,Amy Ryan
4217,Amy Ryan
4218,Amy Ryan
4219,Amy Ryan
4220,Amy Ryan
4221,Amy Ryan
4222,Amy Ryan
4223,Amy Ryan
4224,Amy Ryan
4225,Amy Ryan
4226,Amy Ryan
4227,Amy Ryan
4228,Amy Ryan
4229,Amy Ryan
4230,Amy Ryan
4231,Amy Ryan
4232,Amy Ryan
4233,Amy Ryan
4234,Amy Ryan
4235,Amy Ryan
4236,Amy Ryan
4237,Amy Ryan
4238,Amy Ryan
4239,Amy Ryan
4240,Amy Ryan
4241,Amy Ryan
4242,Amy Ryan
4243,Amy Ryan
4244,Amy Ryan
4245,Amy Ryan
4246,Amy Ryan
4247,Amy Ryan
4248,Amy Ryan
4249,Amy Ryan
4250,Amy Ryan
4251,Amy Ryan
4252,Amy Ryan
4253,Amy Ryan
4254,Amy Ryan
4255,Amy Ryan
4256,Amy Ryan
4257,Amy Ryan
4258,Amy Ryan
4259,Amy Ryan
4260,Amy Ryan
4261,Amy Ryan
4262,Amy Ryan
4263,Amy Ryan
4264,Amy Ryan
4265,Amy Ryan
4266,Amy Ryan
4267,Amy Ryan
4268,Amy Ryan
4269,Amy Ryan
4270,Amy Ryan
4271,Amy Ryan
4272,Amy Ryan
4273,Amy Ryan
4274,Amy Ryan
4275,Amy Ryan
4276,Amy Ryan
4277,Amy Ryan
4278,Amy Ryan
4279,Amy Ryan
4280,Amy Ryan
4281,Amy Ryan
4282,Amy Ryan
4283,Amy Ryan
4284,Amy Ryan
4285,Amy Ryan
4286,Amy Ryan
4287,Amy Ryan
4288,Amy Ryan
4289,Amy Ryan
4290,Amy Ryan
4291,Amy Ryan
4292,Amy Ryan
4293,Amy Ryan
4294,Amy Ryan
4295,Amy Ryan
4296,Amy Ryan
4297,Amy Ryan
4298,Amy Ryan
4299,Amy Ryan
4300,Amy Ryan
4301,Amy Ryan
4302,Amy Ryan
4303,Amy Ryan
4304,Amy Ryan
4305,Amy Ryan
4306,Amy Ryan
4307,Amy Ryan
4308,Amy Ryan
4309,Amy Ryan
4310,Amy Ryan
4311,Amy Ryan
4312,Amy Ryan
4313,Amy Ryan
4314,Amy Ryan
4315,Amy Ryan
4316,Amy Ryan
4317,Amy Ryan
4318,Amy Ryan
4319,Amy Ryan
4320,Amy Ryan
4321,Amy Ryan
4322,Amy Ryan
4323,Amy Ryan
4324,Amy Ryan
4325,Amy Ryan
4326,Amy Ryan
4327,Amy Ryan
4328,Amy Ryan
4329,Amy Ryan
4330,Amy Ryan
4331,Amy Ryan
4332,Amy Ryan
4333,Amy Ryan
4334,Amy Ryan
4335,Amy Ryan
4336,Amy Ryan
4337,Amy Ryan
4338,Amy Ryan
4339,Amy Ryan
4340,Amy Ryan
4341,Amy Ryan
4342,Amy Ryan
4343,Amy Ryan
4344,Amy Ryan
4345,Amy Ryan
4346,Amy Ryan
4347,Amy Ryan
4348,Amy Ryan
4349,Amy Ryan
4350,Amy Ryan
4351,Amy Ryan
4352,Amy Ryan
4353,Amy Ryan
4354,Amy Ryan
4355,Amy Ryan
4356,Amy Ryan
4357,Amy Ryan
4358,Amy Ryan
4359,Amy Ryan
4360,Amy Ryan
4361,Amy Ryan
4362,Amy Ryan
4363,Amy Ryan
4364,Amy Ryan
4365,Amy Ryan
4366,Amy Ryan
4367,Amy Ryan
4368,Amy Ryan
4369,Amy Ryan
4370,Amy Ryan
4371,Amy Ryan
4372,Amy Ryan
4373,Amy Ryan
4374,Amy Ryan
4375,Amy Ryan
4376,Amy Ryan
4377,Amy Ryan
4378,Amy Ryan
4379,Amy Ryan
4380,Amy Ryan
4381,Amy Ryan
4382,Amy Ryan
4383,Amy Ryan
4384,Amy Ryan
4385,Amy Ryan
4386,Amy Ryan
4387,Amy Ryan
4388,Amy Ryan
4389,Amy Ryan
4390,Amy Ryan
4391,Amy Ryan
4392,Amy Ryan
4393,Amy Ryan
4394,Amy Ryan
4395,Amy Ryan
4396,Amy Ryan
4397,Amy Ryan
4398,Amy Ryan
4399,Amy Ryan
4400,Amy Ryan
4401,Amy Ryan
4402,Amy Ryan
4403,Amy Ryan
4404,Amy Ryan
4405,Amy Ryan
4406,Amy Ryan
4407,Amy Ryan
4408,Amy Ryan
4409,Amy Ryan
4410,Amy Ryan
4411,Amy Ryan
4412,Amy Ryan
4413,Amy Ryan
4414,Amy Ryan
4415,Amy Ryan
4416,Amy Ryan
4417,Amy Ryan
4418,Amy Ryan
4419,Amy Ryan
4420,Amy Ryan
4421,Amy Ryan
4422,Amy Ryan
4423,Amy Ryan
4424,Amy Ryan
4425,Amy Ryan
4426,Amy Ryan
4427,Amy Ryan
4428,Amy Ryan
4429,Amy Ryan
4430,Amy Ryan
4431,Amy Ryan
4432,Amy Ryan
4433,Amy Ryan
4434,Amy Ryan
4435,Amy Ryan
4436,Amy Ryan
4437,Amy Ryan
4438,Amy Ryan
4439,Amy Ryan
4440,Amy Ryan
4441,Amy Ryan
4442,Amy Ryan
4443,Amy Ryan
4444,Amy Ryan
4445,Amy Ryan
4446,Amy Ryan
4447,Amy Ryan
4448,Amy Ryan
4449,Amy Ryan
4450,Amy Ryan
4451,Amy Ryan
4452,Amy Ryan
4453,Amy Ryan
4454,Amy Ryan
4455,Amy Ryan
4456,Amy Ryan
4457,Amy Ryan
4458,Amy Ryan
4459,Amy Ryan
4460,Amy Ryan
4461,Amy Ryan
4462,Amy Ryan
4463,Amy Ryan
4464,Amy Ryan
4465,Amy Ryan
4466,Amy Ryan
4467,Amy Ryan
4468,Amy Ryan
4469,Amy Ryan
4470,Amy Ryan
4471,Amy Ryan
4472,Amy Ryan
4473,Amy Ryan
4474,Amy Ryan
4475,Amy Ryan
4476,Amy Ryan
4477,Amy Ryan
4478,Amy Ryan
4479,Amy Ryan
4480,Amy Ryan
4481,Amy Ryan
4482,Amy Ryan
4483,Amy Ryan
4484,Amy Ryan
4485,Amy Ryan
4486,Amy Ryan
4487,Amy Ryan
4488,Amy Ryan
4489,Amy Ryan
4490,Amy Ryan
4491,Amy Ryan
4492,Amy Ryan
4493,Amy Ryan
4494,Amy Ryan
4495,Amy Ryan
4496,Amy Ryan
4497,Amy Ryan
4498,Amy Ryan
4499,Amy Ryan
4500,Amy Ryan
4501,Amy Ryan
4502,Amy Ryan
4503,Amy Ryan
4504,Amy Ryan
4505,Amy Ryan
4506,Amy Ryan
4507,Amy Ryan
4508,Amy Ryan
4509,Amy Ryan
4510,Amy Ryan
4511,Amy Ryan
4512,Amy Ryan
4513,Amy Ryan
4514,Amy Ryan
4515,Amy Ryan
4516,Amy Ryan
4517,Amy Ryan
4518,Amy Ryan
4519,Amy Ryan
4520,Amy Ryan
4521,Amy Ryan
4522,Amy Ryan
4523,Amy Ryan
4524,Amy Ryan
4525,Amy Ryan
4526,Amy Ryan
4527,Amy Ryan
4528,Amy Ryan
4529,Amy Ryan
4530,Amy Ryan
4531,Amy Ryan
4532,Amy Ryan
4533,Amy Ryan
4534,Amy Ryan
4535,Amy Ryan
4536,Amy Ryan
4537,Amy Ryan
4538,Amy Ryan
4539,Amy Ryan
4540,Amy Ryan
4541,Amy Ryan
4542,Amy Ryan
4543,Amy Ryan
4544,Amy Ryan
4545,Amy Ryan
4546,Amy Ryan
4547,Amy Ryan
4548,Amy Ryan
4549,Amy Ryan
4550,Amy Ryan
4551,Amy Ryan
4552,Amy Ryan
4553,Amy Ryan
4554,Amy Ryan
4555,Amy Ryan
4556,Amy Ryan
4557,Amy Ryan
4558,Amy Ryan
4559,Amy Ryan
4560,Amy Ryan
4561,Amy Ryan
4562,Amy Ryan
4563,Amy Ryan
4564,Amy Ryan
4565,Amy Ryan
4566,Amy Ryan
4567,Amy Ryan
4568,Amy Ryan
4569,Amy Ryan
4570,Amy Ryan
4571,Amy Ryan
4572,Amy Ryan
4573,Amy Ryan
4574,Amy Ryan
4575,Amy Ryan
4576,Amy Ryan
4577,Amy Ryan
4578,Amy Ryan
4579,Amy Ryan
4580,Amy Ryan
4581,Amy Ryan
4582,Amy Ryan
4583,Amy Ryan
4584,Amy Ryan
4585,Amy Ryan
4586,Amy Ryan
4587,Amy Ryan
4588,Amy Ryan
4589,Amy Ryan
4590,Amy Ryan
4591,Amy Ryan
4592,Amy Ryan
4593,Amy Ryan
4594,Amy Ryan
4595,Amy Ryan
4596,Amy Ryan
4597,Amy Ryan
4598,Amy Ryan
4599,Amy Ryan
4600,Amy Ryan
4601,Amy Ryan
4602,Amy Ryan
4603,Amy Ryan
4604,Amy Ryan
4605,Amy Ryan
4606,Amy Ryan
4607,Amy Ryan
4608,Amy Ryan
4609,Amy Ryan
4610,Amy Ryan
4611,Amy Ryan
4612,Amy Ryan
4613,Amy Ryan
4614,Amy Ryan
4615,Amy Ryan
4616,Amy Ryan
4617,Amy Ryan
4618,Amy Ryan
4619,Amy Ryan
4620,Amy Ryan
4621,Amy Ryan
4622,Amy Ryan
4623,Amy Ryan
4624,Amy Ryan
4625,Amy Ryan
4626,Amy Ryan
4627,Amy Ryan
4628,Amy Ryan
4629,Amy Ryan
4630,Amy Ryan
4631,Amy Ryan
4632,Amy Ryan
4633,Amy Ryan
4634,Amy Ryan
4635,Amy Ryan
4636,Amy Ryan
4637,Amy Ryan
4638,Amy Ryan
4639,Amy Ryan
4640,Amy Ryan
4641,Amy Ryan
4642,Amy Ryan
4643,Amy Ryan
4644,Amy Ryan
4645,Amy Ryan
4646,Amy Ryan
4647,Amy Ryan
4648,Amy Ryan
4649,Amy Ryan
4650,Amy Ryan
4651,Amy Ryan
4652,Amy Ryan
4653,Amy Ryan
4654,Amy Ryan
4655,Amy Ryan
4656,Amy Ryan
4657,Amy Ryan
4658,Amy Ryan
4659,Amy Ryan
4660,Amy Ryan
4661,Amy Ryan
4662,Amy Ryan
4663,Amy Ryan
4664,Amy Ryan
4665,Amy Ryan
4666,Amy Ryan
4667,Amy Ryan
4668,Amy Ryan
4669,Amy Ryan
4670,Amy Ryan
4671,Amy Ryan
4672,Amy Ryan
4673,Amy Ryan
4674,Amy Ryan
4675,Amy Ryan
4676,Amy Ryan
4677,Amy Ryan
4678,Amy Ryan
4679,Amy Ryan
4680,Amy Ryan
4681,Amy Ryan
4682,Amy Ryan
4683,Amy Ryan
4684,Amy Ryan
4685,Amy Ryan
4686,Amy Ryan
4687,Amy Ryan
4688,Amy Ryan
4689,Amy Ryan
4690,Amy Ryan
4691,Amy Ryan
4692,Amy Ryan
4693,Amy Ryan
4694,Amy Ryan
4695,Amy Ryan
4696,Amy Ryan
4697,Amy Ryan
4698,Amy Ryan
4699,Amy Ryan
4700,Amy Ryan
4701,Amy Ryan
4702,Amy Ryan
4703,Amy Ryan
4704,Amy Ryan
4705,Amy Ryan
4706,Amy Ryan
4707,Amy Ryan
4708,Amy Ryan
4709,Amy Ryan
4710,Amy Ryan
4711,Amy Ryan
4712,Amy Ryan
4713,Amy Ryan
4714,Amy Ryan
4715,Amy Ryan
4716,Amy Ryan
4717,Amy Ryan
4718,Amy Ryan
4719,Amy Ryan
4720,Amy Ryan
4721,Amy Ryan
4722,Amy Ryan
4723,Amy Ryan
4724,Amy Ryan
4725,Amy Ryan
4726,Amy Ryan
4727,Amy Ryan
4728,Amy Ryan
4729,Amy Ryan
4730,Amy Ryan
4731,Amy Ryan
4732,Amy Ryan
4733,Amy Ryan
4734,Amy Ryan
4735,Amy Ryan
4736,Amy Ryan
4737,Amy Ryan
4738,Amy Ryan
4739,Amy Ryan
4740,Amy Ryan
4741,Amy Ryan
4742,Amy Ryan
4743,Amy Ryan
4744,Amy Ryan
4745,Amy Ryan
4746,Amy Ryan
4747,Amy Ryan
4748,Amy Ryan
4749,Amy Ryan
4750,Amy Ryan
4751,Amy Ryan
4752,Amy Ryan
4753,Amy Ryan
4754,Amy Ryan
4755,Amy Ryan
4756,Amy Ryan
4757,Amy Ryan
4758,Amy Ryan
4759,Amy Ryan
4760,Amy Ryan
4761,Amy Ryan
4762,Amy Ryan
4763,Amy Ryan
4764,Amy Ryan
4765,Amy Ryan
4766,Amy Ryan
4767,Amy Ryan
4768,Amy Ryan
4769,Amy Ryan
4770,Amy Ryan
4771,Amy Ryan
4772,Amy Ryan
4773,Amy Ryan
4774,Amy Ryan
4775,Amy Ryan
4776,Amy Ryan
4777,Amy Ryan
4778,Amy Ryan
4779,Amy Ryan
4780,Amy Ryan
4781,Amy Ryan
4782,Amy Ryan
4783,Amy Ryan
4784,Amy Ryan
4785,Amy Ryan
4786,Amy Ryan
4787,Amy Ryan
4788,Amy Ryan
4789,Amy Ryan
4790,Amy Ryan
4791,Amy Ryan
4792,Amy Ryan
4793,Amy Ryan
4794,Amy Ryan
4795,Amy Ryan
4796,Amy Ryan
4797,Amy Ryan
4798,Amy Ryan
4799,Amy Ryan
4800,Amy Ryan
4801,Amy Ryan
4802,Amy Ryan
4803,Amy Ryan
4804,Amy Ryan
4805,Amy Ryan
4806,Amy Ryan
4807,Amy Ryan
4808,Amy Ryan
4809,Amy Ryan
4810,Amy Ryan
4811,Amy Ryan
4812,Amy Ryan
4813,Amy Ryan
4814,Amy Ryan
4815,Amy Ryan
4816,Amy Ryan
4817,Amy Ryan
4818,Amy Ryan
4819,Amy Ryan
4820,Amy Ryan
4821,Amy Ryan
4822,Amy Ryan
4823,Amy Ryan
4824,Amy Ryan
4825,Amy Ryan
4826,Amy Ryan
4827,Amy Ryan
4828,Amy Ryan
4829,Amy Ryan
4830,Amy Ryan
4831,Amy Ryan
4832,Amy Ryan
4833,Amy Ryan
4834,Amy Ryan
4835,Amy Ryan
4836,Amy Ryan
4837,Amy Ryan
4838,Amy Ryan
4839,Amy Ryan
4840,Amy Ryan
4841,Amy Ryan
4842,Amy Ryan
4843,Amy Ryan
4844,Amy Ryan
4845,Amy Ryan
4846,Amy Ryan
4847,Amy Ryan
4848,Amy Ryan
4849,Amy Ryan
4850,Amy Ryan
4851,Amy Ryan
4852,Amy Ryan
4853,Amy Ryan
4854,Amy Ryan
4855,Amy Ryan
4856,Amy Ryan
4857,Amy Ryan
4858,Amy Ryan
4859,Amy Ryan
4860,Amy Ryan
4861,Amy Ryan
4862,Amy Ryan
4863,Amy Ryan
4864,Amy Ryan
4865,Amy Ryan
4866,Amy Ryan
4867,Amy Ryan
4868,Amy Ryan
4869,Amy Ryan
4870,Amy Ryan
4871,Amy Ryan
4872,Amy Ryan
4873,Amy Ryan
4874,Amy Ryan
4875,Amy Ryan
4876,Amy Ryan
4877,Amy Ryan
4878,Amy Ryan
4879,Amy Ryan
4880,Amy Ryan
4881,Amy Ryan
4882,Amy Ryan
4883,Amy Ryan
4884,Amy Ryan
4885,Amy Ryan
4886,Amy Ryan
4887,Amy Ryan
4888,Amy Ryan
4889,Amy Ryan
4890,Amy Ryan
4891,Amy Ryan
4892,Amy Ryan
4893,Amy Ryan
4894,Amy Ryan
4895,Amy Ryan
4896,Amy Ryan
4897,Amy Ryan
4898,Amy Ryan
4899,Amy Ryan
4900,Amy Ryan
4901,Amy Ryan
4902,Amy Ryan
4903,Amy Ryan
4904,Amy Ryan
4905,Amy Ryan
4906,Amy Ryan
4907,Amy Ryan
4908,Amy Ryan
4909,Amy Ryan
4910,Amy Ryan
4911,Amy Ryan
4912,Amy Ryan
4913,Amy Ryan
4914,Amy Ryan
4915,Amy Ryan
4916,Amy Ryan
4917,Amy Ryan
4918,Amy Ryan
4919,Amy Ryan
4920,Amy Ryan
4921,Amy Ryan
4922,Amy Ryan
4923,Amy Ryan
4924,Amy Ryan
4925,Amy Ryan
4926,Amy Ryan
4927,Amy Ryan
4928,Amy Ryan
4929,Amy Ryan
4930,Amy Ryan
4931,Amy Ryan
4932,Amy Ryan
4933,Amy Ryan
4934,Amy Ryan
4935,Amy Ryan
4936,Amy Ryan
4937,Amy Ryan
4938,Amy Ryan
4939,Amy Ryan
4940,Amy Ryan
4941,Amy Ryan
4942,Amy Ryan
4943,Amy Ryan
4944,Amy Ryan
4945,Amy Ryan
4946,Amy Ryan
4947,Amy Ryan
4948,Amy Ryan
4949,Amy Ryan
4950,Amy Ryan
4951,Amy Ryan
4952,Amy Ryan
4953,Amy Ryan
4954,Amy Ryan
4955,Amy Ryan
4956,Amy Ryan
4957,Amy Ryan
4958,Amy Ryan
4959,Amy Ryan
4960,Amy Ryan
4961,Amy Ryan
4962,Amy Ryan
4963,Amy Ryan
4964,Amy Ryan
4965,Amy Ryan
4966,Amy Ryan
4967,Amy Ryan
4968,Amy Ryan
4969,Amy Ryan
4970,Amy Ryan
4971,Amy Ryan
4972,Amy Ryan
4973,Amy Ryan
4974,Amy Ryan
4975,Amy Ryan
4976,Amy Ryan
